-7.422025,-0.8619126,7.2209125,4
-7.192182,-0.51714754,7.4124484,4
-7.97748,-0.47884035,6.445191,4
-7.1251445,-0.49799395,6.531382,4
-6.8186865,-0.38307226,6.9048777,4
-6.6079965,-0.35434186,7.0102224,4
-7.201759,-0.80445176,6.885724,4
-7.5944076,-0.7182605,6.9240313,4
-7.5944076,-0.81402856,6.5122285,4
-7.1634517,-0.50757074,6.5122285,4
-6.9240313,-0.33518824,7.067683,4
-6.9048777,-0.5363012,6.7133417,4
-7.2209125,-0.36391866,6.8761473,4
-7.441179,-0.35434186,7.086837,4
-7.326257,-0.7278373,6.205771,4
-7.680599,-0.89064306,6.6175733,4
-7.6231384,-0.63206923,7.038953,4
-7.52737,-0.60333884,6.2345014,4
-7.2304893,-0.545878,6.4164605,4
-7.441179,-0.6607997,5.841852,4
-7.6231384,-0.545878,6.588843,4
-7.680599,-0.8331822,6.4739213,4
-7.6231384,-0.63206923,6.1004257,4
-7.393295,-0.90021986,6.042965,4
-7.326257,-0.7565677,6.6654577,4
-7.4507556,-0.45968673,6.7612257,4
-7.4124484,-0.5746084,6.6367273,4
-6.7229185,-0.62249243,6.157887,4
-7.469909,-0.48841715,6.83784,4
-7.632715,-0.81402856,6.5696893,4
-7.52737,-0.93852705,6.196194,4
-7.1634517,-0.6799533,6.540959,4
-7.029376,-0.7469909,6.349423,4
-7.4603324,-0.641646,7.067683,4
-7.776367,-0.61291564,6.7612257,4
-7.2783732,-0.641646,6.493075,4
-7.0102224,-0.7182605,5.9663506,4
-6.789956,-0.545878,5.9184666,4
-7.6614456,-0.79487497,6.493075,4
-7.9583263,-0.92895025,7.1059904,4
-7.9104424,-0.6607997,6.885724,4
-6.9048777,-0.51714754,6.1866174,4
-6.435614,-0.59376204,6.0142345,4
-7.1251445,-0.45010993,6.991069,4
-7.565677,-0.6991069,7.144298,4
-7.680599,-0.7565677,6.789956,4
-7.3645644,-0.8523358,6.2249246,4
-6.991069,-0.7374141,6.4068837,4
-6.5984197,-0.4213795,6.5505357,4
-7.0485296,-0.5746084,7.1251445,4
-7.4124484,-0.8810662,7.019799,4
-7.7572136,-0.63206923,6.6846113,4
-6.895301,-0.641646,5.6982,4
-6.3685765,-0.61291564,5.7748146,4
-6.4643445,-0.7565677,6.0621185,4
-7.240066,-0.7757214,6.646304,4
-7.9391727,-0.7182605,7.2687964,4
-8.063671,-0.8331822,7.2783732,4
-7.9870567,-0.7086837,7.029376,4
-6.6846113,-0.4309563,5.8322754,4
-7.441179,-0.842759,6.3302693,4
-8.532935,-1.091756,7.785944,4
-7.824251,-0.79487497,7.651869,4
-6.2632318,-0.2681506,4.8362875,4
-6.3302693,-0.62249243,5.2385135,4
-6.6079965,-0.41180268,5.985504,4
-6.9527617,-0.40222588,6.655881,4
-7.192182,-0.842759,7.431602,4
-7.680599,-0.6607997,7.2783732,4
-8.379706,-0.91937345,7.2304893,4
-7.833828,-0.9864111,7.0964136,4
-7.4507556,-0.7661445,6.83784,4
-7.383718,-0.5267244,6.5026517,4
-6.789956,-0.59376204,6.703765,4
-7.07726,-0.78529817,6.9719152,4
-7.2687964,-0.5650316,6.8282633,4
-7.52737,-0.7182605,6.6846113,4
-7.297527,-0.8523358,7.07726,4
-7.374141,-0.7374141,6.799533,4
-7.1730285,-0.7086837,6.694188,4
-7.335834,-0.6512229,6.991069,4
-7.5848308,-0.7182605,7.0102224,4
-7.565677,-0.62249243,7.1347213,4
-7.2113357,-0.6895301,6.751649,4
-6.7229185,-0.7182605,6.090849,4
-6.655881,-0.6799533,6.129156,4
-6.7612257,-0.6799533,5.659893,4
-6.5122285,-0.81402856,5.9184666,4
-7.07726,-0.7086837,7.201759,4
-7.833828,-0.80445176,7.881712,4
-8.24563,-0.58418524,7.97748,4
-7.8912888,-0.91937345,6.3302693,4
-6.8091097,-0.82360536,6.4068837,4
-6.3206925,-0.5363012,5.5162406,4
-6.483498,-0.6799533,5.8705826,4
-6.9144545,-0.8714894,6.742072,4
-7.153875,-0.5554548,6.9623384,4
-7.479486,-0.58418524,7.1155677,4
-7.240066,-0.7086837,6.703765,4
-7.3549876,-0.6799533,6.703765,4
-7.0964136,-0.63206923,6.7803793,4
-7.2304893,-0.641646,6.8282633,4
-7.3549876,-0.7086837,6.7612257,4
-7.0581064,-0.7374141,6.5984197,4
-6.7803793,-0.4309563,6.483498,4
-6.8186865,-0.46926352,6.5601125,4
-6.9240313,-0.7374141,6.6654577,4
-7.335834,-0.7661445,6.5601125,4
-7.431602,-0.78529817,7.067683,4
-7.3071036,-0.6799533,6.789956,4
-7.2304893,-0.61291564,6.7133417,4
-7.5465236,-0.93852705,6.9048777,4
-7.642292,-0.6512229,7.0102224,4
-7.7093296,-0.61291564,6.7133417,4
-6.694188,-0.6799533,6.38773,4
-6.5696893,-0.4405331,6.1100025,4
-6.847417,-0.7374141,6.5505357,4
-7.192182,-0.6703765,6.7229185,4
-7.651869,-0.80445176,6.655881,4
-7.517793,-0.82360536,7.0006456,4
-7.335834,-0.49799395,6.646304,4
-6.943185,-0.545878,6.5984197,4
-6.9719152,-0.8331822,6.4739213,4
-7.374141,-0.6895301,6.7612257,4
-7.6614456,-0.8714894,7.086837,4
-7.642292,-0.82360536,6.895301,4
-7.52737,-0.61291564,7.1347213,4
-6.933608,-0.5554548,6.6367273,4
-7.0006456,-0.50757074,6.8091097,4
-6.9623384,-0.545878,6.3302693,4
-7.1730285,-0.90021986,6.3111157,4
-7.2113357,-0.6607997,6.6367273,4
-7.2687964,-0.7086837,6.7803793,4
-7.2783732,-0.6703765,6.694188,4
-7.335834,-0.90979666,6.4068837,4
-7.335834,-0.63206923,7.0581064,4
-7.345411,-0.50757074,6.7324953,4
-6.895301,-0.78529817,6.081272,4
-7.029376,-0.7374141,6.2632318,4
-7.0006456,-0.5554548,6.4164605,4
-7.144298,-0.6703765,6.5122285,4
-7.489063,-0.89064306,6.8282633,4
-7.843405,-0.6895301,6.933608,4
-7.52737,-0.5363012,6.7803793,4
-7.297527,-0.60333884,6.885724,4
-7.0102224,-0.7661445,6.3111157,4
-7.2783732,-0.7565677,6.579266,4
-7.422025,-0.7661445,6.5601125,4
-7.1059904,-0.6512229,6.703765,4
-7.393295,-0.7182605,6.4164605,4
-7.335834,-0.8523358,6.6654577,4
-7.6710224,-0.7182605,6.9240313,4
-7.3071036,-0.81402856,6.3302693,4
-7.0485296,-0.842759,5.9280434,4
-7.07726,-0.7469909,6.4260373,4
-7.52737,-0.82360536,6.9048777,4
-7.7189064,-0.82360536,6.7708025,4
-7.4603324,-0.7661445,6.5026517,4
-7.2113357,-0.5650316,6.742072,4
-7.2592196,-0.61291564,6.7133417,4
-7.038953,-0.7374141,6.435614,4
-7.192182,-0.9672575,6.4643445,4
-7.240066,-0.7374141,6.751649,4
-7.249643,-0.38307226,7.1059904,4
-7.067683,-0.641646,6.5505357,4
-7.4028716,-0.8331822,6.655881,4
-7.2783732,-0.6512229,6.6079965,4
-7.2592196,-0.641646,6.703765,4
-6.991069,-0.8619126,6.3685765,4
-7.1826053,-0.8523358,6.540959,4
-7.326257,-0.59376204,6.885724,4
-7.3645644,-0.79487497,6.579266,4
-7.345411,-0.5746084,6.8569937,4
-7.2113357,-0.5554548,6.7803793,4
-7.144298,-0.641646,6.981492,4
-7.2783732,-0.6799533,7.067683,4
-7.153875,-0.641646,6.847417,4
-7.1634517,-0.78529817,6.4739213,4
-7.3071036,-0.6895301,7.192182,4
-7.4603324,-0.5554548,7.297527,4
-7.144298,-0.47884035,7.153875,4
-6.4068837,-0.35434186,6.157887,4
-6.4068837,-0.25857377,5.9663506,4
-7.038953,-0.842759,6.129156,4
-7.4028716,-0.9959879,6.789956,4
-7.4028716,-0.62249243,7.0006456,4
-7.144298,-0.6607997,7.422025,4
-6.981492,-0.6607997,6.885724,4
-7.422025,-0.51714754,6.742072,4
-7.0006456,-0.59376204,6.5601125,4
-6.8186865,-0.82360536,6.6175733,4
-7.345411,-0.79487497,6.885724,4
-7.335834,-0.8331822,7.0006456,4
-7.240066,-0.4213795,7.2592196,4
-6.5122285,-0.49799395,6.6367273,4
-6.5984197,-0.61291564,6.157887,4
-7.1730285,-0.545878,6.5696893,4
-7.0485296,-0.5746084,6.6079965,4
-7.249643,-0.6799533,7.086837,4
-7.192182,-0.7469909,6.9048777,4
-7.3549876,-0.6512229,7.3166804,4
-7.240066,-0.6895301,6.751649,4
-7.2304893,-0.641646,6.799533,4
-6.9240313,-0.47884035,6.3589997,4
-6.531382,-0.5746084,6.0621185,4
-6.7708025,-0.6703765,6.3111157,4
-7.0581064,-0.79487497,6.933608,4
-7.5848308,-0.92895025,6.933608,4
-7.8912888,-0.7374141,7.1155677,4
-7.28795,-0.7661445,7.28795,4
-7.374141,-0.6799533,6.981492,4
-7.2304893,-0.62249243,6.5984197,4
-6.943185,-0.45010993,6.1770406,4
-6.6846113,-0.59376204,6.1770406,4
-6.9144545,-0.92895025,6.5696893,4
-7.297527,-0.7086837,6.6175733,4
-7.4507556,-0.6799533,6.579266,4
-7.4986396,-0.842759,6.493075,4
-7.2304893,-0.6512229,6.9527617,4
-7.067683,-0.59376204,6.83784,4
-7.0102224,-0.545878,6.9240313,4
-7.1730285,-0.79487497,6.5122285,4
-7.0485296,-0.8714894,6.2728086,4
-7.153875,-0.6703765,6.8665705,4
-7.345411,-0.7278373,6.9144545,4
-7.489063,-0.8331822,7.0006456,4
-7.441179,-0.5554548,6.8186865,4
-6.751649,-0.641646,6.2728086,4
-6.655881,-0.5746084,6.301539,4
-7.0102224,-0.7469909,6.8665705,4
-7.7189064,-0.9576807,7.5848308,4
-7.8912888,-0.7565677,7.4986396,4
-7.489063,-0.82360536,6.435614,4
-6.8282633,-0.6895301,6.3589997,4
-6.3206925,-0.45010993,5.93762,4
-6.5505357,-0.5746084,6.349423,4
-7.2113357,-0.7661445,6.5984197,4
-7.7667904,-0.93852705,6.8665705,4
-7.3549876,-0.7182605,7.1059904,4
-7.575254,-0.82360536,7.3166804,4
-7.785944,-0.79487497,7.0964136,4
-8.178593,-0.8331822,7.1347213,4
-6.9623384,-0.63206923,6.14831,4
-6.751649,-0.7757214,6.5026517,4
-6.7324953,-0.8523358,6.3206925,4
-7.0964136,-0.7757214,6.5122285,4
-7.1634517,-0.7374141,6.6846113,4
-6.9144545,-0.58418524,6.3589997,4
-7.0006456,-0.6799533,6.7229185,4
-7.07726,-0.7565677,6.540959,4
-7.335834,-0.6895301,6.7324953,4
-7.2113357,-0.7086837,6.7229185,4
-7.3166804,-0.81402856,6.9527617,4
-6.8282633,-0.7469909,6.5984197,4
-7.249643,-0.94810385,6.7229185,4
-7.2592196,-0.8714894,6.6079965,4
-7.1730285,-0.545878,6.8186865,4
-7.029376,-0.5746084,6.6846113,4
-7.0581064,-0.7565677,6.588843,4
-7.029376,-0.6799533,6.540959,4
-7.1251445,-0.8810662,7.086837,4
-7.441179,-0.7278373,7.326257,4
-7.632715,-0.7278373,7.029376,4
-7.393295,-0.81402856,6.7324953,4
-6.991069,-0.78529817,6.981492,4
-7.2113357,-0.51714754,7.1251445,4
-7.2113357,-0.6703765,6.6846113,4
-6.7708025,-0.7278373,6.2823853,4
-6.885724,-0.7374141,6.588843,4
-6.789956,-0.80445176,6.4547677,4
-6.8282633,-0.8523358,6.6750345,4
-7.3166804,-0.8331822,7.086837,4
-7.8146744,-0.90979666,7.326257,4
-7.1347213,-0.45010993,6.7229185,4
-6.655881,-0.7757214,6.2728086,4
-6.7324953,-0.90979666,6.751649,4
-7.699753,-0.8714894,6.7803793,4
-7.3549876,-0.8523358,6.7324953,4
-7.192182,-0.92895025,6.9144545,4
-7.335834,-0.7374141,7.0102224,4
-7.144298,-0.7374141,7.0964136,4
-7.2113357,-0.7086837,6.9623384,4
-7.2113357,-0.7757214,7.1155677,4
-7.038953,-0.7278373,6.6367273,4
-6.9240313,-0.78529817,6.8665705,4
-6.694188,-0.7182605,6.3111157,4
-6.943185,-0.842759,6.291962,4
-6.991069,-0.7086837,6.847417,4
-7.249643,-0.79487497,7.0964136,4
-7.2209125,-0.6703765,6.83784,4
-7.28795,-0.6895301,6.799533,4
-5.9567738,-0.60333884,5.3725886,4
-6.2728086,-0.63206923,6.5026517,4
-7.4603324,-0.6512229,7.5848308,4
-7.3645644,-0.8523358,6.83784,4
-7.651869,-1.0247183,7.383718,4
-7.6231384,-0.5650316,7.153875,4
-7.1251445,-0.6895301,6.6750345,4
-6.6750345,-0.79487497,6.694188,4
-6.9719152,-0.63206923,6.6367273,4
-7.192182,-0.8714894,6.9048777,4
-7.5082164,-0.94810385,7.153875,4
-7.776367,-0.7565677,7.699753,4
-7.2304893,-0.6512229,7.28795,4
-6.167464,-0.4405331,6.0621185,4
-6.9144545,-0.7661445,6.943185,4
-6.742072,-0.6512229,6.5122285,4
-6.646304,-1.1109096,6.167464,4
-7.326257,-0.8714894,7.374141,4
-7.517793,-0.62249243,7.469909,4
-7.0006456,-0.7086837,7.0102224,4
-7.144298,-0.78529817,6.9144545,4
-6.2728086,-0.36391866,6.8569937,4
-6.1866174,-0.545878,6.1100025,4
-6.0716953,-0.79487497,5.746084,4
-6.14831,-0.47884035,5.602432,4
-6.445191,-0.6607997,6.349423,4
-7.431602,-1.043872,7.4986396,4
-7.9104424,-0.80445176,7.699753,4
-8.236053,-0.9672575,8.0924015,4
-7.632715,-0.7278373,8.207323,4
-7.086837,-0.5363012,7.1059904,4
-6.8282633,-0.92895025,6.8186865,4
-6.7612257,-0.63206923,7.201759,4
-6.9623384,-0.62249243,7.2113357,4
-6.646304,-0.6895301,6.6750345,4
-7.0581064,-0.63206923,7.3166804,4
-6.943185,-0.5363012,7.335834,4
-6.933608,-0.7182605,6.6654577,4
-6.655881,-0.50757074,6.789956,4
-6.694188,-0.62249243,7.029376,4
-6.339846,-0.58418524,6.751649,4
-6.7803793,-0.60333884,6.9240313,4
-6.6079965,-0.7469909,6.8761473,4
-7.1059904,-0.7661445,7.1251445,4
-7.2304893,-0.62249243,7.5848308,4
-7.374141,-0.5650316,6.8761473,4
-7.0964136,-0.92895025,6.483498,4
-7.019799,-0.90021986,7.3549876,4
-6.8186865,-0.6607997,6.6846113,4
-6.885724,-0.6895301,6.9144545,4
-7.201759,-0.6607997,7.153875,4
-7.1826053,-0.7374141,7.3071036,4
-6.9623384,-0.5554548,6.9144545,4
-6.5984197,-0.6799533,6.483498,4
-6.9144545,-0.8619126,6.847417,4
-6.981492,-0.7565677,6.8761473,4
-7.0102224,-0.7086837,6.5601125,4
-7.0964136,-0.78529817,6.751649,4
-6.9240313,-0.545878,6.7133417,4
-6.5601125,-0.641646,6.646304,4
-6.943185,-0.59376204,7.632715,4
-7.2113357,-0.8810662,6.8569937,4
-6.7708025,-0.8810662,6.4068837,4
-6.9623384,-0.8331822,6.646304,4
-7.1634517,-0.6703765,6.9623384,4
-7.2209125,-0.81402856,6.981492,4
-7.3166804,-0.8523358,7.153875,4
-6.9719152,-0.45968673,6.933608,4
-6.7708025,-0.59376204,6.6175733,4
-6.981492,-0.90979666,6.5601125,4
-7.086837,-0.91937345,7.0485296,4
-7.067683,-0.7374141,6.5505357,4
-7.2209125,-0.81402856,6.789956,4
-7.2113357,-0.82360536,7.2113357,4
-7.249643,-0.62249243,6.7612257,4
-7.019799,-0.58418524,6.9719152,4
-6.7324953,-0.6895301,6.6750345,4
-7.2304893,-0.90021986,6.5601125,4
-7.297527,-0.8331822,6.895301,4
-7.345411,-0.7374141,6.991069,4
-7.038953,-0.7565677,6.789956,4
-6.9240313,-0.8331822,6.435614,4
-6.847417,-0.6895301,6.703765,4
-7.1347213,-0.51714754,7.07726,4
-7.2783732,-0.6607997,6.8282633,4
-6.981492,-0.89064306,6.5505357,4
-7.5465236,-0.9864111,6.4739213,4
-7.249643,-0.78529817,7.335834,4
-7.2113357,-0.22984336,7.9487495,4
-7.0006456,-0.48841715,6.9719152,4
-6.943185,-0.6895301,7.1059904,4
-6.799533,-0.6703765,6.435614,4
-6.6367273,-0.8810662,5.93762,4
-6.6367273,-0.6512229,6.703765,4
-6.799533,-0.92895025,6.83784,4
-7.019799,-0.7278373,7.240066,4
-7.326257,-0.8810662,7.345411,4
-7.335834,-0.8523358,6.9719152,4
-7.0964136,-0.82360536,6.7708025,4
-7.335834,-0.641646,7.0006456,4
-7.2113357,-0.7661445,6.8282633,4
-7.431602,-0.78529817,7.2209125,4
-7.201759,-0.92895025,6.3111157,4
-7.038953,-0.7661445,6.694188,4
-7.144298,-0.641646,7.2592196,4
-6.83784,-0.89064306,6.646304,4
-6.847417,-0.7565677,7.019799,4
-6.9240313,-0.6991069,6.7324953,4
-6.742072,-0.62249243,6.655881,4
-6.646304,-0.7086837,6.83784,4
-6.579266,-0.58418524,6.2823853,4
-6.540959,-0.39264908,6.9240313,4
-7.1347213,-0.8523358,7.1730285,4
-6.9144545,-0.8523358,6.3302693,4
-6.9240313,-0.94810385,6.789956,4
-7.2687964,-1.0247183,7.2113357,4
-6.751649,-0.94810385,6.1866174,4
-6.742072,-0.7374141,7.067683,4
-7.1826053,-0.61291564,7.3549876,4
-7.2592196,-0.545878,7.1251445,4
-7.374141,-0.47884035,7.431602,4
-6.8665705,-0.7757214,6.167464,4
-6.4260373,-0.6703765,6.655881,4
-7.019799,-0.93852705,6.9240313,4
-7.335834,-0.6512229,6.8665705,4
-7.422025,-0.91937345,7.201759,4
-7.3166804,-0.9959879,7.297527,4
-7.747637,-0.8714894,7.345411,4
-7.5465236,-0.81402856,7.431602,4
-7.431602,-0.7661445,7.4124484,4
-6.6846113,-0.7374141,6.4260373,4
-6.742072,-0.78529817,6.4547677,4
-7.2783732,-0.6512229,7.517793,4
-6.435614,-0.48841715,6.646304,4
-5.8705826,-0.33518824,5.3725886,4
-6.38773,-0.92895025,6.943185,4
-6.7708025,-0.7086837,7.0964136,4
-8.00621,-0.5267244,6.4164605,4
-6.83784,-1.0534488,6.847417,4
-6.6750345,-0.9959879,7.1347213,4
-6.885724,-0.47884035,6.799533,4
-7.086837,-0.93852705,7.038953,4
-7.7189064,-1.1492168,6.9144545,4
-7.1730285,-0.48841715,7.1730285,4
-7.144298,-0.90021986,7.1059904,4
-7.0581064,-0.90979666,6.933608,4
-6.3781533,-0.35434186,7.0581064,4
-6.789956,-0.20111294,7.1251445,4
-7.1059904,-0.9672575,6.943185,4
-7.067683,-0.7182605,7.029376,4
-6.8761473,-0.7374141,6.9527617,4
-6.7324953,-0.7374141,6.9527617,4
-6.7612257,-0.51714754,7.2592196,4
-6.9719152,-0.7565677,7.201759,4
-6.981492,-0.842759,7.1251445,4
-7.0964136,-0.7278373,7.345411,4
-6.3302693,-0.59376204,7.0485296,4
-6.6079965,-0.7565677,7.1155677,4
-6.3685765,-0.59376204,6.4547677,4
-7.038953,-0.842759,7.249643,4
-7.029376,-0.6512229,7.8625584,4
-6.291962,-0.6607997,5.554548,4
-5.889736,-0.47884035,6.0238113,4
-5.391742,-0.21068975,6.6079965,4
-6.6175733,-1.1204864,7.086837,4
-6.9623384,-0.7469909,7.8529816,4
-7.6614456,-0.9576807,8.475474,4
-8.054094,-1.0821792,8.197746,4
-7.441179,-0.8810662,7.833828,4
-6.646304,-0.59376204,7.297527,4
-6.4739213,-0.58418524,6.885724,4
-6.3589997,-0.50757074,6.655881,4
-6.3589997,-0.7374141,6.943185,4
-6.847417,-0.7565677,7.144298,4
-7.029376,-0.6799533,7.4507556,4
-6.6750345,-0.7374141,7.2687964,4
-6.751649,-0.6512229,7.4507556,4
-6.7612257,-0.60333884,7.1251445,4
-6.7133417,-0.80445176,7.1730285,4
-6.5984197,-0.6991069,7.374141,4
-6.83784,-0.8331822,6.8282633,4
-6.8665705,-0.7469909,6.8186865,4
-6.7612257,-0.62249243,6.9144545,4
-6.3206925,-0.59376204,7.0006456,4
-6.6654577,-0.7374141,7.383718,4
-6.9623384,-0.6607997,7.5561004,4
-7.0102224,-0.6991069,7.6231384,4
-6.9240313,-0.81402856,7.153875,4
-6.694188,-0.90979666,7.0581064,4
-7.1059904,-0.7661445,7.2592196,4
-6.694188,-0.63206923,6.540959,4
-6.7708025,-0.89064306,6.943185,4
-6.7229185,-0.6703765,7.2592196,4
-7.0485296,-0.7086837,7.565677,4
-6.789956,-0.6991069,7.1730285,4
-7.7572136,-0.9576807,7.335834,4
-8.063671,-1.0726024,5.0757074,4
-7.240066,-2.1547816,8.293514,4
-6.167464,-1.0726024,6.483498,4
-6.943185,-0.94810385,5.9280434,4
-7.1059904,-1.283292,5.554548,4
-6.9719152,-1.2545617,5.803545,4
-6.943185,-0.8810662,6.167464,4
-7.1059904,-1.6089035,7.029376,4
-6.9144545,-2.432509,6.2632318,4
-7.3645644,-2.0973208,6.789956,4
-7.3166804,-2.0973208,6.789956,4
-7.6135616,-2.030283,6.8091097,4
-7.249643,-2.2122424,6.2823853,4
-7.1155677,-2.1643584,5.90889,4
-7.029376,-1.9632454,5.899313,4
-6.8091097,-2.2888567,5.717354,4
-7.335834,-2.2409728,6.1387334,4
-7.029376,-2.135628,6.14831,4
-7.575254,-2.384625,6.4739213,4
-7.5561004,-2.4420857,6.1004257,4
-7.6135616,-1.9057846,6.3781533,4
-7.1634517,-2.0111294,6.2632318,4
-7.326257,-2.2888567,6.1195793,4
-7.144298,-1.6950948,5.8226986,4
-7.4124484,-1.8100165,6.081272,4
-8.0445175,-1.7429788,6.4739213,4
-7.728483,-1.5993267,6.244078,4
-7.4986396,-1.5993267,6.4643445,4
-7.422025,-1.3694834,6.38773,4
-7.2783732,-1.3215994,6.1866174,4
-7.201759,-1.541866,6.196194,4
-7.4124484,-1.3599066,6.3111157,4
-7.699753,-1.2354081,6.2728086,4
-7.3166804,-1.1875241,6.2728086,4
-7.1251445,-1.3215994,6.215348,4
-7.2592196,-1.2354081,6.655881,4
-7.651869,-1.2258313,6.6750345,4
-7.479486,-1.340753,6.435614,4
-7.0102224,-1.043872,6.1866174,4
-6.895301,-1.2162545,6.588843,4
-6.9719152,-1.0534488,6.694188,4
-7.019799,-1.1971009,6.3781533,4
-7.1634517,-1.2641385,6.5026517,4
-7.5561004,-1.3311762,7.029376,4
-7.536947,-1.2641385,6.5984197,4
-7.3071036,-1.436521,6.4547677,4
-7.1730285,-1.1875241,6.483498,4
-7.297527,-1.0726024,6.5026517,4
-6.847417,-1.0342951,6.493075,4
-6.799533,-1.2449849,6.291962,4
-7.153875,-1.2737153,6.5601125,4
-7.07726,-1.1204864,6.5026517,4
-7.201759,-1.4460979,6.445191,4
-7.690176,-1.3790601,7.086837,4
-7.536947,-1.2162545,6.9144545,4
-7.603985,-1.3694834,6.6271505,4
-7.0102224,-1.0342951,6.1004257,4
-6.6846113,-1.043872,6.2728086,4
-6.8091097,-1.3599066,6.789956,4
-7.192182,-1.292869,6.9048777,4
-7.5944076,-1.541866,6.742072,4
-8.015787,-1.5514427,6.83784,4
-7.843405,-1.2449849,6.943185,4
-7.192182,-1.283292,6.943185,4
-6.6175733,-1.2641385,6.6271505,4
-6.885724,-1.3120226,6.5696893,4
-7.3549876,-1.5035586,6.540959,4
-7.335834,-1.5801731,6.483498,4
-7.4124484,-1.3120226,6.933608,4
-7.2783732,-1.4269443,6.7708025,4
-7.565677,-1.541866,7.1634517,4
-7.489063,-1.2545617,6.885724,4
-7.6710224,-1.4939818,7.144298,4
-7.6710224,-1.6089035,7.0102224,4
-6.9144545,-1.292869,6.4643445,4
-6.3302693,-1.0247183,5.8226986,4
-7.1826053,-1.7142484,6.8569937,4
-6.033388,-0.9672575,6.129156,4
-5.497087,-0.5650316,4.644751,4
-6.4260373,-1.9919758,6.253655,4
-7.1155677,-1.5131354,6.7612257,4
-7.680599,-1.4269443,7.1155677,4
-7.8050976,-1.8579005,7.240066,4
-7.7093296,-1.2737153,6.9527617,4
-6.789956,-1.0630256,6.3685765,4
-6.5122285,-1.5227122,6.483498,4
-6.83784,-1.685518,6.7133417,4
-7.201759,-1.4269443,6.291962,4
-7.1730285,-1.541866,6.5505357,4
-7.5561004,-1.3982137,7.4603324,4
-7.3645644,-1.4077905,7.0581064,4
-6.991069,-1.4460979,6.4739213,4
-6.7612257,-1.3503298,6.3589997,4
-6.8186865,-1.3694834,6.435614,4
-6.9048777,-1.5705963,6.493075,4
-6.991069,-1.4173675,6.349423,4
-7.249643,-1.340753,6.694188,4
-7.240066,-1.4652514,7.038953,4
-7.5082164,-1.6089035,7.201759,4
-6.8761473,-1.2162545,6.205771,4
-6.799533,-1.283292,6.1004257,4
-6.1387334,-1.1109096,4.865018,4
-7.029376,-1.3503298,7.345411,4
-5.5258174,-0.8714894,5.48751,4
-6.0621185,-1.2066777,5.046977,4
-7.52737,-1.4556746,6.8665705,4
-7.8050976,-1.6376339,7.345411,4
-7.642292,-1.3982137,7.144298,4
-7.153875,-1.1971009,6.493075,4
-7.1251445,-1.2641385,6.3111157,4
-7.2783732,-1.340753,6.9048777,4
-7.201759,-1.3215994,6.6750345,4
-7.642292,-1.3790601,7.2113357,4
-7.565677,-1.3982137,7.029376,4
-7.4028716,-1.1492168,7.192182,4
-7.0485296,-1.1875241,6.9240313,4
-6.9048777,-1.0630256,6.6079965,4
-6.8665705,-0.8523358,6.205771,4
-6.9240313,-1.0342951,6.789956,4
-7.0102224,-0.9576807,6.588843,4
-7.5848308,-0.842759,6.8665705,4
-7.393295,-0.9768343,6.991069,4
-7.1634517,-0.92895025,6.6271505,4
-6.9048777,-0.9672575,6.2345014,4
-7.0006456,-0.9672575,6.6846113,4
-7.019799,-0.79487497,6.742072,4
-7.0102224,-1.0342951,6.933608,4
-7.029376,-1.0055647,6.981492,4
-6.943185,-1.0534488,6.694188,4
-7.1155677,-1.1683705,6.6846113,4
-7.086837,-1.1492168,6.4068837,4
-7.4507556,-1.1492168,6.7229185,4
-6.751649,-1.043872,7.603985,4
-8.504205,-1.8962077,7.690176,4
-7.1634517,-1.6950948,6.6367273,4
-6.5984197,-0.81402856,5.9759274,4
-6.244078,-1.0342951,5.6215854,4
-6.981492,-1.3215994,6.3589997,4
-6.445191,-0.6895301,5.171476,4
-8.226477,-2.087744,8.456321,4
-7.1826053,-1.6472107,7.3166804,4
-7.8625584,-1.2354081,6.2823853,4
-7.4986396,-1.0821792,6.291962,4
-7.0485296,-1.1779473,5.841852,4
-7.038953,-1.0630256,6.3302693,4
-6.943185,-1.1875241,6.6079965,4
-7.6231384,-1.2545617,6.9048777,4
-7.8146744,-1.1492168,7.383718,4
-7.431602,-1.1971009,6.83784,4
-7.5082164,-1.3120226,6.8569937,4
-7.603985,-1.2354081,6.8761473,4
-7.489063,-1.2258313,6.531382,4
-7.0006456,-1.0247183,6.0716953,4
-6.349423,-0.92895025,5.755661,4
-6.2728086,-1.0534488,5.506664,4
-6.742072,-1.1971009,6.081272,4
-7.086837,-1.3790601,6.397307,4
-7.824251,-1.4556746,7.1347213,4
-7.8146744,-1.3694834,7.4507556,4
-7.575254,-1.3215994,6.789956,4
-7.1634517,-1.4269443,6.646304,4
-7.1634517,-1.3215994,6.0716953,4
-7.086837,-1.1971009,6.5601125,4
-7.038953,-1.283292,6.445191,4
-7.3166804,-1.4460979,7.3549876,4
-7.536947,-1.3311762,7.029376,4
-7.4986396,-1.5131354,6.703765,4
-7.1251445,-1.4077905,6.291962,4
-7.1826053,-1.4939818,6.5218053,4
-7.2304893,-1.4556746,6.9240313,4
-7.0102224,-1.2449849,6.579266,4
-6.8186865,-1.3024458,6.4164605,4
-6.9048777,-1.532289,6.483498,4
-7.479486,-1.4939818,6.847417,4
-7.431602,-1.4269443,6.7324953,4
-7.201759,-1.4460979,6.694188,4
-6.895301,-1.283292,6.6367273,4
-6.579266,-1.3311762,6.397307,4
-6.8186865,-1.4173675,6.4547677,4
-7.28795,-1.3982137,6.7612257,4
-7.335834,-1.3694834,6.8665705,4
-7.1155677,-1.388637,6.8186865,4
-7.067683,-1.4748282,6.7612257,4
-7.3645644,-1.388637,6.9527617,4
-7.28795,-1.1779473,6.8186865,4
-7.029376,-1.13964,6.588843,4
-6.8761473,-1.1587936,6.4547677,4
-6.8761473,-1.2066777,6.4547677,4
-7.0006456,-1.3982137,6.4643445,4
-7.2592196,-1.340753,6.991069,4
-7.374141,-1.3215994,6.703765,4
-7.3071036,-1.1875241,6.6175733,4
-7.2113357,-1.2545617,6.9240313,4
-6.9240313,-1.3024458,6.483498,4
-7.0964136,-1.1683705,6.9240313,4
-7.038953,-1.283292,6.435614,4
-7.1155677,-1.2737153,6.8569937,4
-7.4986396,-1.3599066,6.9048777,4
-7.3166804,-1.283292,6.7708025,4
-7.3645644,-1.3311762,6.8761473,4
-6.9144545,-1.2258313,6.3781533,4
-6.9144545,-1.1492168,6.3685765,4
-7.07726,-1.2545617,6.6367273,4
-7.029376,-1.2449849,6.7229185,4
-7.28795,-1.3120226,6.895301,4
-7.192182,-1.292869,6.6750345,4
-7.192182,-1.2354081,6.7133417,4
-6.981492,-1.340753,6.2728086,4
-7.3071036,-1.2641385,6.6271505,4
-7.144298,-1.13964,6.7803793,4
-7.2209125,-1.3503298,6.38773,4
-7.1826053,-1.3694834,6.4547677,4
-7.374141,-1.340753,6.291962,4
-7.374141,-1.1971009,6.5122285,4
-7.201759,-1.3215994,6.4739213,4
-6.981492,-1.3790601,6.5601125,4
-7.3071036,-1.340753,6.445191,4
-7.249643,-1.2641385,6.397307,4
-7.4028716,-1.388637,6.789956,4
-7.249643,-1.2354081,6.4739213,4
-7.07726,-1.388637,6.4547677,4
-7.1155677,-1.1013328,6.291962,4
-7.1347213,-1.2354081,6.531382,4
-7.335834,-1.4460979,6.694188,4
-7.029376,-1.3503298,6.3111157,4
-7.144298,-1.3311762,6.579266,4
-7.201759,-1.2354081,6.6271505,4
-7.28795,-1.340753,7.038953,4
-7.249643,-1.3790601,6.7324953,4
-7.192182,-1.4652514,6.789956,4
-7.326257,-1.4269443,6.579266,4
-7.6614456,-1.4460979,7.2304893,4
-7.374141,-1.4269443,6.847417,4
-6.8091097,-1.13964,6.301539,4
-6.1770406,-1.13964,5.7748146,4
-6.1100025,-1.3790601,6.0238113,4
-6.3302693,-1.1109096,6.196194,4
-6.588843,-1.4652514,6.253655,4
-7.1059904,-1.7142484,6.895301,4
-7.8529816,-1.6280571,7.0485296,4
-8.303091,-1.7525556,7.517793,4
-7.747637,-1.6280571,7.249643,4
-7.201759,-1.5227122,7.153875,4
-6.933608,-1.5610195,6.3781533,4
-7.07726,-1.5993267,6.655881,4
-7.1634517,-1.436521,6.694188,4
-6.981492,-1.6472107,6.7229185,4
-6.885724,-1.5897499,6.5505357,4
-7.1251445,-1.6089035,6.349423,4
-7.2209125,-1.2641385,6.6750345,4
-7.383718,-1.0630256,6.9240313,4
-7.2209125,-1.2162545,6.8186865,4
-7.240066,-1.043872,6.588843,4
-7.1826053,-0.92895025,6.7133417,4
-7.038953,-0.90979666,6.349423,4
-7.1155677,-0.9959879,6.5696893,4
-7.2209125,-0.79487497,6.5218053,4
-7.2113357,-0.7757214,6.291962,4
-7.2783732,-0.80445176,6.7133417,4
-7.4028716,-0.81402856,7.0006456,4
-7.345411,-0.7661445,6.694188,4
-7.086837,-0.6895301,6.8091097,4
-6.6846113,-0.5554548,6.751649,4
-6.8186865,-0.45968673,6.981492,4
-6.83784,-0.48841715,6.9719152,4
-7.2304893,-0.5554548,7.1059904,4
-6.8186865,-0.31603462,7.0581064,4
-6.943185,-0.19153613,7.326257,4
-6.2728086,-0.5650316,7.2687964,4
-6.540959,-0.16280572,7.4028716,4
-6.789956,-0.08619126,6.895301,4
-7.144298,-0.51714754,7.2304893,4
-6.8665705,-0.15322891,6.83784,4
-7.019799,-0.17238252,6.9623384,4
-7.1155677,-0.29688102,7.1730285,4
-7.1155677,-0.15322891,7.3166804,4
-6.933608,-0.1436521,7.1059904,4
-7.153875,-0.05746084,7.393295,4
-6.9048777,-0.009576807,6.895301,4
-7.07726,-0.02873042,7.192182,4
-7.029376,-0.12449849,7.0581064,4
-7.153875,-0.18195933,7.297527,4
-7.0485296,-0.15322891,7.067683,4
-6.799533,-0.2873042,7.0485296,4
-6.981492,-0.076614454,6.8186865,4
-6.885724,-0.076614454,6.742072,4
-6.9623384,-0.16280572,6.3685765,4
-7.2304893,-0.15322891,6.4068837,4
-7.2687964,-0.21068975,6.7803793,4
-7.422025,-0.15322891,7.019799,4
-7.2304893,-0.22984336,6.8761473,4
-7.2687964,-0.38307226,6.6654577,4
-7.565677,-0.45968673,6.694188,4
-7.699753,-0.41180268,6.7229185,4
-7.6135616,-0.18195933,6.789956,4
-7.335834,-0.41180268,6.5696893,4
-7.2304893,-0.35434186,6.6750345,4
-7.2113357,-0.32561144,6.301539,4
-7.2304893,-0.5363012,6.646304,4
-7.6614456,-0.47884035,6.4739213,4
-7.967903,-0.5267244,7.3645644,4
-7.201759,-0.4213795,6.3685765,4
-7.144298,-0.47884035,5.8322754,4
-7.479486,-0.59376204,6.205771,4
-7.73806,-0.5267244,6.7229185,4
-7.843405,-0.61291564,6.83784,4
-7.7572136,-0.60333884,6.7133417,4
-7.8146744,-0.62249243,6.9623384,4
-7.699753,-0.5554548,6.4068837,4
-7.335834,-0.48841715,6.1866174,4
-7.441179,-0.25857377,6.38773,4
-6.6654577,-0.39264908,5.363012,4
-7.249643,-0.6895301,6.2823853,4
-7.8146744,-0.7374141,6.8186865,4
-7.8146744,-0.6991069,6.0716953,4
-7.565677,-0.6799533,6.129156,4
-7.881712,-0.49799395,6.4739213,4
-7.8146744,-0.5267244,6.7708025,4
-7.5561004,-0.8619126,7.086837,4
-8.130709,-0.8331822,6.7612257,4
-8.523358,-0.92895025,7.07726,4
-7.97748,-0.58418524,7.2687964,4
-7.1155677,-0.23942018,6.090849,4
-5.9567738,-0.35434186,4.175488,4
-8.647857,-1.7238252,8.676587,4
-8.149862,-0.51714754,8.293514,4
-8.303091,-0.48841715,3.514688,4
-7.776367,-1.1779473,4.8937483,4
-8.063671,-0.6895301,5.3247046,4
-7.929596,-0.7565677,6.1004257,4
-7.73806,-0.8714894,6.579266,4
-7.6135616,-0.6512229,6.2632318,4
-7.747637,-0.7661445,6.157887,4
-7.4507556,-0.842759,5.410896,4
-7.7572136,-0.7757214,5.6215854,4
-8.082825,-0.7278373,6.5696893,4
-7.7093296,-0.6607997,6.033388,4
-7.824251,-0.78529817,6.2345014,4
-7.73806,-0.9768343,5.9184666,4
-7.785944,-0.6799533,5.9280434,4
-7.632715,-0.6607997,6.0142345,4
-7.7189064,-0.7565677,6.2345014,4
-7.843405,-0.6607997,6.3685765,4
-7.632715,-0.8619126,6.83784,4
-7.776367,-0.92895025,6.9623384,4
-7.6710224,-0.6895301,6.579266,4
-7.843405,-0.89064306,6.8761473,4
-5.4300494,0.02873042,5.3438582,4
-6.397307,0,3.7253778,4
-8.408437,-2.2026656,8.379706,4
-7.2783732,-0.20111294,7.1634517,4
-5.6790466,-0.038307227,5.4683566,4
-5.9184666,-0.47884035,5.7843914,4
-6.4739213,-0.79487497,6.0238113,4
-7.9870567,-0.81402856,6.655881,4
-9.576807,-1.388637,8.130709,4
-9.404425,-1.340753,8.379706,4
-7.3071036,-0.51714754,7.0964136,4
-6.7133417,-0.33518824,6.215348,4
-6.895301,-0.5746084,6.244078,4
-6.9527617,-0.6895301,6.301539,4
-7.2304893,-0.59376204,6.1004257,4
-7.4028716,-0.79487497,6.655881,4
-7.383718,-0.7661445,6.885724,4
-7.603985,-0.7278373,7.0102224,4
-7.431602,-0.9864111,6.8761473,4
-7.326257,-0.91937345,7.153875,4
-6.8186865,-0.7469909,6.646304,4
-7.0485296,-0.81402856,6.6367273,4
-7.201759,-0.9576807,6.8569937,4
-7.6135616,-0.9576807,6.895301,4
-7.4603324,-0.92895025,6.8091097,4
-7.1251445,-0.91937345,6.6175733,4
-6.981492,-0.89064306,6.646304,4
-6.9048777,-0.9959879,6.8186865,4
-7.3071036,-1.0151415,6.7803793,4
-7.2592196,-0.8810662,6.445191,4
-7.029376,-0.9959879,6.5026517,4
-7.019799,-1.0342951,6.6271505,4
-7.4124484,-1.0630256,6.847417,4
-7.28795,-1.0151415,6.6079965,4
-7.3071036,-1.2449849,6.799533,4
-7.240066,-1.2545617,6.8761473,4
-6.933608,-0.8619126,6.3206925,4
-7.0581064,-1.1875241,6.4068837,4
-7.489063,-0.9672575,6.8761473,4
-7.6614456,-1.0534488,6.6846113,4
-7.1634517,-1.0534488,6.4164605,4
-7.0102224,-0.93852705,6.349423,4
-6.981492,-1.1300632,6.4739213,4
-7.1059904,-1.1971009,6.4068837,4
-7.345411,-1.2258313,6.5122285,4
-7.4603324,-1.0726024,6.7324953,4
-7.1347213,-0.91937345,6.4260373,4
-6.8761473,-1.0534488,6.5601125,4
-7.3549876,-1.2641385,6.895301,4
-7.6614456,-1.2258313,7.0102224,4
-7.4507556,-1.2449849,7.1347213,4
-7.1347213,-1.0821792,7.0581064,4
-6.9527617,-1.0726024,6.655881,4
-6.8186865,-1.043872,6.38773,4
-6.9240313,-1.0055647,6.742072,4
-6.8761473,-1.0821792,6.885724,4
-7.029376,-1.1492168,7.0006456,4
-7.1155677,-1.1204864,6.7803793,4
-7.1826053,-1.1300632,6.981492,4
-7.2592196,-1.340753,7.0964136,4
-7.422025,-1.1204864,6.8569937,4
-7.2113357,-1.2162545,6.7803793,4
-7.335834,-1.1109096,6.943185,4
-7.2592196,-1.1875241,6.8665705,4
-7.3166804,-1.0151415,6.7708025,4
-7.3166804,-1.1300632,6.9144545,4
-7.2209125,-1.2066777,6.703765,4
-7.1251445,-1.1971009,6.943185,4
-7.1155677,-1.13964,6.6175733,4
-7.1251445,-1.1300632,7.0102224,4
-7.1634517,-1.3120226,6.8186865,4
-7.3071036,-1.0630256,6.789956,4
-7.2304893,-1.13964,6.493075,4
-7.383718,-1.0055647,6.8665705,4
-7.2783732,-1.2354081,6.6654577,4
-7.326257,-0.94810385,6.6271505,4
-7.2687964,-1.1109096,6.579266,4
-7.4124484,-1.0821792,6.885724,4
-7.335834,-1.2737153,6.799533,4
-7.5465236,-1.1971009,6.646304,4
-7.5465236,-1.1492168,6.943185,4
-7.603985,-1.2641385,6.895301,4
-7.6231384,-1.1300632,6.9719152,4
-7.680599,-1.0630256,6.703765,4
-7.5944076,-1.1875241,6.7708025,4
-7.479486,-1.1971009,6.6654577,4
-7.4986396,-1.0342951,6.703765,4
-7.28795,-1.0821792,6.4068837,4
-7.374141,-0.9959879,6.8282633,4
-7.393295,-1.1492168,6.646304,4
-7.3549876,-1.13964,6.4643445,4
-7.201759,-1.091756,6.3781533,4
-7.1059904,-1.0247183,6.445191,4
-7.029376,-1.0342951,6.4260373,4
-7.0006456,-0.8810662,6.2249246,4
-6.2249246,-0.6991069,5.0182467,4
-6.9144545,-0.6895301,7.0006456,4
-7.086837,-1.0821792,6.1770406,4
-6.253655,-0.90021986,5.353435,4
-6.6654577,-0.5363012,5.851429,4
-5.9663506,-1.0247183,5.4300494,4
-6.531382,-0.7182605,6.5505357,4
-6.9144545,-1.1492168,6.167464,4
-6.397307,-0.8331822,5.3438582,4
-6.7803793,-0.91937345,6.435614,4
-7.067683,-1.1492168,6.694188,4
-7.1251445,-1.1109096,6.38773,4
-7.345411,-1.0247183,6.694188,4
-7.441179,-1.1492168,6.9144545,4
-7.795521,-0.9672575,6.885724,4
-7.6710224,-1.1587936,7.1059904,4
-7.699753,-1.043872,7.1251445,4
-7.795521,-1.1109096,7.2113357,4
-7.632715,-1.1492168,6.885724,4
-7.699753,-1.0630256,7.4028716,4
-7.680599,-1.1300632,7.201759,4
-7.565677,-1.0821792,6.9144545,4
-7.4986396,-1.0247183,6.7803793,4
-7.517793,-1.0151415,6.9048777,4
-7.479486,-1.091756,6.9144545,4
-7.393295,-0.90979666,6.6079965,4
-7.144298,-0.9768343,6.291962,4
-7.1634517,-0.8619126,6.5984197,4
-7.0006456,-1.0342951,6.3589997,4
-6.991069,-0.94810385,6.3302693,4
-7.0581064,-0.842759,6.3111157,4
-7.067683,-1.0534488,6.483498,4
-7.1347213,-0.842759,6.3206925,4
-6.9623384,-0.9768343,6.2632318,4
-7.1730285,-0.80445176,6.6079965,4
-7.1347213,-0.9864111,6.5696893,4
-7.192182,-0.93852705,6.6271505,4
-7.1347213,-0.9768343,6.5696893,4
-7.240066,-1.0055647,6.7803793,4
-7.345411,-1.091756,6.8761473,4
-7.067683,-0.8810662,6.2728086,4
-7.1347213,-0.9672575,6.7612257,4
-7.3071036,-0.9768343,6.895301,4
-7.144298,-0.9959879,6.493075,4
-7.4028716,-0.7469909,6.4260373,4
-6.588843,-1.0055647,5.45878,4
-7.019799,-0.94810385,7.4124484,4
-7.747637,-1.0821792,7.086837,4
-6.847417,-1.1013328,5.707777,4
-6.9144545,-0.7374141,6.5505357,4
-6.7803793,-1.043872,6.3589997,4
-7.345411,-0.6799533,7.431602,4
-6.8186865,-1.1779473,6.1004257,4
-6.2632318,-0.51714754,5.046977,4
-7.086837,-0.7278373,7.8146744,4
-7.431602,-1.4748282,7.086837,4
-6.847417,-0.8523358,5.813122,4
-7.3071036,-1.0726024,7.07726,4
-7.1634517,-1.283292,6.445191,4
-7.6710224,-0.7374141,7.603985,4
-7.6614456,-1.3790601,7.0964136,4
-7.240066,-0.6991069,6.14831,4
-7.5082164,-0.8331822,7.489063,4
-7.1826053,-1.1492168,6.8091097,4
-7.0581064,-0.8619126,6.7612257,4
-7.07726,-1.0534488,7.0102224,4
-7.249643,-1.091756,6.7612257,4
-7.1251445,-1.043872,6.397307,4
-7.3166804,-1.091756,6.981492,4
-7.4507556,-1.2258313,6.8186865,4
-7.699753,-1.0151415,6.7612257,4
-7.776367,-1.0247183,6.933608,4
-7.4986396,-1.1300632,6.5696893,4
-7.575254,-0.90979666,7.019799,4
-7.4028716,-0.9959879,6.4164605,4
-7.1730285,-0.9672575,6.6846113,4
-7.029376,-1.0055647,6.8186865,4
-6.943185,-0.93852705,6.4164605,4
-6.83784,-0.9672575,6.531382,4
-7.0006456,-0.92895025,6.6750345,4
-7.1251445,-1.1300632,6.9240313,4
-7.28795,-0.9768343,6.789956,4
-7.1251445,-1.1204864,6.7229185,4
-7.4124484,-0.9959879,7.038953,4
-7.5082164,-1.1013328,7.038953,4
-7.469909,-1.0247183,6.8091097,4
-7.4124484,-0.93852705,7.07726,4
-7.3166804,-1.0630256,6.895301,4
-7.3166804,-0.92895025,7.019799,4
-7.1059904,-0.9672575,6.6750345,4
-7.0006456,-0.8810662,6.789956,4
-6.83784,-0.9864111,6.8186865,4
-6.933608,-0.8523358,6.8282633,4
-6.9144545,-0.8810662,6.646304,4
-6.9048777,-0.94810385,6.703765,4
-6.981492,-0.9768343,6.7612257,4
-7.1155677,-1.0534488,6.6367273,4
-7.2592196,-0.92895025,6.751649,4
-7.240066,-1.1013328,6.655881,4
-7.3071036,-0.9864111,6.703765,4
-7.2304893,-0.92895025,6.5696893,4
-7.192182,-0.93852705,6.895301,4
-7.1155677,-0.9576807,6.799533,4
-7.1730285,-0.8810662,6.9719152,4
-6.933608,-0.9959879,6.493075,4
-6.9048777,-0.8810662,6.7803793,4
-6.799533,-1.1492168,6.7229185,4
-6.9144545,-0.91937345,6.5984197,4
-7.029376,-0.9576807,6.943185,4
-7.144298,-1.1109096,6.7612257,4
-7.3071036,-1.091756,6.885724,4
-7.479486,-1.0151415,6.742072,4
-7.479486,-1.0055647,7.0102224,4
-7.374141,-1.1779473,6.847417,4
-7.52737,-1.0630256,7.2113357,4
-7.690176,-1.0726024,7.0581064,4
-7.6135616,-1.13964,7.201759,4
-7.824251,-1.1492168,7.469909,4
-7.6231384,-1.1109096,7.019799,4
-7.5465236,-1.0726024,7.1347213,4
-7.7572136,-1.0534488,7.603985,4
-7.699753,-1.1683705,7.201759,4
-7.5848308,-0.92895025,6.9527617,4
-7.469909,-1.0534488,7.2209125,4
-7.2687964,-1.1013328,6.8665705,4
-7.2113357,-0.94810385,6.9527617,4
-7.1347213,-0.8714894,6.6175733,4
-6.9048777,-0.90021986,6.4068837,4
-6.7803793,-0.8714894,6.445191,4
-6.7612257,-0.8331822,6.2632318,4
-6.751649,-0.9864111,6.253655,4
-7.2592196,-1.2162545,6.5984197,4
-7.431602,-0.8331822,7.086837,4
-7.3166804,-1.1587936,7.067683,4
-6.7324953,-1.0726024,6.435614,4
-7.0581064,-0.78529817,6.5984197,4
-6.9623384,-0.79487497,6.579266,4
-6.7803793,-0.9768343,6.531382,4
-6.895301,-1.0342951,6.6750345,4
-7.067683,-1.1492168,6.531382,4
-7.2592196,-0.81402856,6.742072,4
-6.991069,-1.0055647,6.540959,4
-6.8091097,-0.9576807,6.646304,4
-7.192182,-1.0726024,6.531382,4
-7.2592196,-1.13964,6.7133417,4
-6.8186865,-0.7374141,6.301539,4
-6.1100025,-1.0151415,4.5202527,4
-7.441179,-0.9672575,7.690176,4
-8.111555,-0.94810385,8.6095495,4
-7.517793,-1.0151415,7.28795,4
-7.441179,-0.90979666,6.895301,4
-6.799533,-0.842759,6.129156,4
-6.7324953,-1.0342951,6.244078,4
-7.345411,-1.1875241,6.531382,4
-7.335834,-1.2258313,6.7803793,4
-7.0485296,-1.0342951,6.5696893,4
-7.019799,-0.80445176,6.646304,4
-7.0102224,-0.9959879,7.0006456,4
-7.5561004,-1.0247183,7.144298,4
-7.5848308,-1.0342951,7.374141,4
-7.192182,-0.9768343,6.2345014,4
-7.0964136,-0.90979666,6.167464,4
-7.07726,-0.93852705,7.1251445,4
-7.1730285,-0.9768343,6.196194,4
-7.575254,-1.2066777,6.8091097,4
-7.479486,-1.0247183,6.435614,4
-7.1059904,-0.9768343,6.9048777,4
-7.07726,-1.0055647,6.6079965,4
-6.885724,-0.9959879,6.1387334,4
-7.2304893,-1.0821792,6.540959,4
-7.383718,-1.1204864,6.847417,4
-7.479486,-1.0726024,6.8569937,4
-6.9048777,-0.9672575,6.493075,4
-7.1155677,-1.0151415,6.531382,4
-7.2113357,-1.0342951,6.540959,4
-6.9144545,-0.94810385,6.3685765,4
-7.1634517,-1.0534488,6.991069,4
-7.1347213,-1.2641385,6.799533,4
-7.7093296,-1.0821792,7.1155677,4
-7.297527,-1.1492168,6.540959,4
-7.1251445,-0.9959879,6.1100025,4
-7.1634517,-1.1204864,6.4260373,4
-7.326257,-1.0247183,6.9144545,4
-7.5848308,-1.1779473,6.6367273,4
-7.2592196,-1.1971009,6.3589997,4
-7.374141,-1.0534488,6.789956,4
-7.5848308,-1.1109096,7.153875,4
-7.3549876,-1.1300632,7.029376,4
-7.1730285,-0.9672575,6.2249246,4
-7.0581064,-1.0726024,6.3589997,4
-7.0102224,-1.0821792,6.493075,4
-7.3071036,-0.93852705,6.6846113,4
-7.383718,-1.3120226,6.5218053,4
-7.5944076,-1.1971009,6.5218053,4
-7.4124484,-1.0247183,6.5505357,4
-6.8091097,-1.0055647,6.3206925,4
-6.6654577,-0.8810662,6.2345014,4
-6.1770406,-0.6895301,5.6982,4
-5.7748146,-0.6991069,5.1810527,4
-6.7229185,-1.1300632,5.947197,4
-7.8529816,-1.5035586,7.0581064,4
-8.580819,-1.3982137,8.0445175,4
-8.274361,-1.3120226,7.9966335,4
-7.8529816,-1.091756,7.3071036,4
-7.0964136,-1.1300632,6.244078,4
-7.240066,-1.0630256,6.5601125,4
-7.4507556,-0.8523358,6.799533,4
-7.144298,-0.9768343,6.5505357,4
-7.4028716,-1.2354081,6.703765,4
-7.1155677,-1.1109096,6.6654577,4
-6.9623384,-0.92895025,6.397307,4
-7.144298,-1.0247183,6.579266,4
-6.981492,-1.043872,6.483498,4
-7.2687964,-1.0726024,6.5026517,4
-7.431602,-1.0247183,6.991069,4
-7.517793,-1.1204864,6.6271505,4
-7.575254,-1.2641385,6.981492,4
-7.5848308,-1.1204864,7.489063,4
-7.441179,-0.9864111,7.086837,4
-6.7803793,-0.82360536,6.5218053,4
-6.895301,-1.091756,6.205771,4
-7.5944076,-1.2641385,6.885724,4
-7.6710224,-1.0630256,6.991069,4
-7.019799,-1.0055647,6.789956,4
-6.8761473,-1.043872,6.8761473,4
-7.086837,-0.9959879,6.9144545,4
-7.6231384,-1.2354081,7.1347213,4
-8.24563,-1.4173675,7.651869,4
-7.8625584,-1.0247183,6.3685765,4
-7.536947,-1.2641385,8.101978,4
-5.5162406,-0.49799395,5.2480903,4
-6.2249246,-1.3120226,4.807557,4
-6.0046577,-0.94810385,6.742072,4
-5.6120086,-0.49799395,5.5162406,4
-6.4164605,-0.9576807,5.257667,4
-7.680599,-1.1683705,6.9719152,4
-7.8050976,-1.1492168,6.7229185,4
-7.029376,-1.0821792,6.2823853,4
-7.0102224,-1.2737153,6.694188,4
-7.0964136,-1.043872,6.8569937,4
-7.2687964,-0.91937345,6.588843,4
-6.7708025,-1.0247183,6.291962,4
-7.335834,-1.0821792,6.6271505,4
-7.6614456,-1.1587936,7.335834,4
-7.2783732,-1.043872,6.991069,4
-6.9527617,-1.1204864,6.655881,4
-7.249643,-1.1587936,7.28795,4
-7.28795,-1.0342951,6.6175733,4
-7.565677,-0.90979666,6.694188,4
-7.192182,-0.90979666,6.7133417,4
-6.9527617,-1.0534488,6.2728086,4
-6.9719152,-0.80445176,6.301539,4
-6.5122285,-0.80445176,6.301539,4
-6.7803793,-1.1492168,6.6079965,4
-7.603985,-1.1683705,7.1730285,4
-7.6614456,-0.93852705,6.349423,4
-7.8529816,-1.292869,7.441179,4
-5.094861,-0.49799395,5.8226986,4
-5.851429,-0.94810385,4.10845,4
-8.169016,-1.532289,8.159439,4
-7.5944076,-1.3599066,7.5561004,4
-6.435614,-0.6895301,6.5026517,4
-5.66947,-0.41180268,5.7269306,4
-5.861006,-1.1587936,6.157887,4
-7.0485296,-1.1779473,6.4260373,4
-8.954314,-1.4460979,7.603985,4
-9.174581,-1.484405,8.1402855,4
-7.8050976,-1.1683705,7.6231384,4
-6.5218053,-0.93852705,6.445191,4
-6.7708025,-1.3024458,6.1770406,4
-7.843405,-1.043872,6.7324953,4
-7.603985,-0.8331822,6.789956,4
-7.067683,-1.1300632,6.7708025,4
-7.0102224,-0.94810385,6.6271505,4
-7.2209125,-1.0151415,6.7612257,4
-6.981492,-1.0342951,6.4068837,4
-7.038953,-1.0534488,6.2728086,4
-6.9719152,-1.0247183,6.483498,4
-7.07726,-0.94810385,6.445191,4
-7.28795,-0.8619126,6.981492,4
-7.2783732,-0.9864111,6.8761473,4
-7.1347213,-1.0342951,6.2249246,4
-7.4124484,-1.0726024,6.8282633,4
-7.28795,-1.2545617,6.6750345,4
-7.2113357,-0.9672575,7.1634517,4
-7.326257,-0.9576807,6.7612257,4
-7.5561004,-1.0055647,6.9240313,4
-7.3645644,-1.13964,6.5601125,4
-7.2592196,-1.1204864,6.38773,4
-6.9240313,-1.091756,6.3685765,4
-7.393295,-1.1492168,6.789956,4
-6.943185,-0.89064306,6.291962,4
-6.933608,-1.0821792,6.2249246,4
-7.249643,-1.0821792,6.8186865,4
-7.699753,-1.0151415,6.8665705,4
-7.28795,-0.9864111,6.6367273,4
-7.2687964,-1.091756,6.4260373,4
-7.517793,-1.1300632,6.8665705,4
-7.776367,-1.3120226,7.153875,4
-7.565677,-1.1683705,6.8282633,4
-7.0485296,-0.8714894,6.157887,4
-6.5984197,-0.7661445,6.042965,4
-6.6271505,-0.82360536,6.157887,4
-7.2113357,-1.1779473,6.6367273,4
-7.7093296,-1.1300632,6.9144545,4
-6.7803793,-0.89064306,6.3589997,4
-7.192182,-1.1779473,6.3685765,4
-7.3645644,-1.1971009,6.531382,4
-7.785944,-0.92895025,6.847417,4
-7.4986396,-1.091756,6.8665705,4
-7.192182,-0.94810385,6.483498,4
-7.374141,-0.82360536,6.8091097,4
-6.895301,-1.2354081,6.1770406,4
-7.3645644,-1.1971009,6.789956,4
-7.642292,-1.1300632,7.029376,4
-7.441179,-1.0630256,6.9719152,4
-7.2687964,-0.90979666,6.483498,4
-7.249643,-1.0151415,6.7612257,4
-7.4507556,-1.1779473,6.885724,4
-7.192182,-0.9959879,6.531382,4
-6.9527617,-1.2545617,5.899313,4
-6.9144545,-1.0726024,6.579266,4
-7.0581064,-0.8714894,6.0525417,4
-7.7572136,-1.2162545,6.847417,4
-7.0006456,-0.9576807,6.4164605,4
-7.3645644,-1.3215994,6.2823853,4
-7.297527,-1.0630256,7.0006456,4
-7.383718,-0.6607997,6.5601125,4
-6.991069,-1.043872,6.885724,4
-6.9527617,-1.1300632,6.6750345,4
-7.690176,-1.1587936,6.8091097,4
-7.73806,-1.0821792,6.8282633,4
-6.991069,-0.90979666,6.2823853,4
-6.9144545,-1.043872,6.445191,4
-7.1155677,-1.0630256,6.579266,4
-7.07726,-0.92895025,6.339846,4
-7.4028716,-1.1971009,6.8091097,4
-7.575254,-1.091756,7.1251445,4
-7.374141,-0.91937345,6.7229185,4
-7.2783732,-0.9959879,6.9048777,4
-7.3166804,-1.0151415,6.9623384,4
-7.642292,-1.1013328,6.8091097,4
-7.8146744,-1.4460979,7.5082164,4
-7.73806,-1.1875241,7.795521,4
-6.6654577,-0.5746084,5.2863975,4
-5.6982,-0.9768343,4.8458643,4
-6.1100025,-0.6895301,5.8322754,4
-7.1826053,-0.60333884,4.999093,4
-6.6654577,-1.0055647,5.707777,4
-6.751649,-1.2449849,7.1347213,4
-6.5984197,-1.0534488,7.9008656,4
-7.0485296,-0.9864111,6.9623384,4
-7.4986396,-1.091756,6.3685765,4
-7.7189064,-1.0726024,6.1100025,4
-7.517793,-1.1587936,6.14831,4
-7.029376,-1.0247183,6.5984197,4
-7.0006456,-1.1779473,6.4739213,4
-7.422025,-1.2066777,6.703765,4
-7.5465236,-1.1779473,6.895301,4
-7.383718,-0.89064306,6.83784,4
-7.393295,-0.9864111,6.4164605,4
-6.4260373,-0.94810385,5.7269306,4
-7.7667904,-1.2737153,6.646304,4
-8.111555,-0.94810385,8.025364,4
-7.201759,-0.94810385,5.9663506,4
-6.5984197,-0.9864111,5.66947,4
-6.4260373,-0.641646,5.793968,4
-6.751649,-0.7565677,6.9719152,4
-7.240066,-0.93852705,6.5601125,4
-7.441179,-0.93852705,6.694188,4
-7.6614456,-1.0534488,6.9623384,4
-7.2687964,-0.9959879,6.579266,4
-7.07726,-1.0151415,7.019799,4
-7.1251445,-1.1013328,7.1251445,4
-7.536947,-1.0342951,6.7708025,4
-7.383718,-0.90979666,6.4739213,4
-7.2592196,-1.091756,6.4260373,4
-7.297527,-1.043872,7.1634517,4
-6.4068837,-0.6895301,5.7843914,4
-6.1866174,-0.89064306,4.9895163,4
-5.90889,-0.78529817,5.4779334,4
-6.885724,-0.6799533,5.947197,4
-7.4603324,-1.1779473,7.067683,4
-7.374141,-1.13964,7.9104424,4
-7.680599,-1.3120226,7.52737,4
-8.149862,-1.5131354,7.565677,4
-7.479486,-0.9576807,6.9048777,4
-6.655881,-0.7469909,5.861006,4
-7.029376,-0.90021986,6.339846,4
-7.153875,-1.0534488,6.205771,4
-6.943185,-1.0247183,6.205771,4
-6.847417,-0.9768343,6.4643445,4
-6.895301,-0.93852705,6.8186865,4
-7.0581064,-0.90021986,6.7803793,4
-7.4028716,-1.1875241,6.799533,4
-7.4028716,-1.0055647,7.086837,4
-7.345411,-1.091756,6.8186865,4
-7.2113357,-0.9864111,7.067683,4
-7.249643,-0.8810662,6.531382,4
-7.249643,-1.292869,6.38773,4
-7.2687964,-1.1109096,6.5601125,4
-7.1634517,-0.91937345,6.5026517,4
-7.1059904,-1.0151415,6.694188,4
-7.192182,-0.9768343,6.7324953,4
-7.153875,-1.0726024,6.5218053,4
-7.249643,-0.8714894,6.799533,4
-7.699753,-1.1971009,7.192182,4
-7.2592196,-1.1587936,6.83784,4
-7.2592196,-1.043872,6.933608,4
-7.374141,-1.1492168,7.1059904,4
-7.5465236,-0.9768343,6.895301,4
-7.4124484,-1.1300632,6.3781533,4
-7.029376,-1.0534488,6.3206925,4
-7.1347213,-0.8714894,6.789956,4
-6.9623384,-1.1204864,6.301539,4
-6.8091097,-0.9576807,6.3589997,4
-6.933608,-1.0247183,6.8091097,4
-7.153875,-1.1300632,6.885724,4
-7.326257,-1.0151415,6.2728086,4
-7.0581064,-1.1300632,6.4547677,4
-7.28795,-1.0821792,7.192182,4
-7.067683,-0.90021986,6.6654577,4
-6.9623384,-1.0534488,6.2345014,4
-6.981492,-1.1013328,6.435614,4
-7.297527,-1.0342951,6.8569937,4
-7.3166804,-1.2258313,6.5122285,4
-7.4603324,-1.1204864,6.9144545,4
-7.565677,-1.1013328,6.981492,4
-6.885724,-1.0630256,6.205771,4
-6.83784,-0.9959879,6.397307,4
-7.0964136,-1.1204864,6.799533,4
-7.201759,-1.0630256,6.7133417,4
-7.249643,-1.13964,6.291962,4
-7.144298,-1.0055647,6.6367273,4
-7.029376,-1.2066777,6.483498,4
-7.374141,-1.2641385,6.8186865,4
-7.690176,-1.1013328,7.1634517,4
-7.536947,-1.1492168,7.0006456,4
-7.0102224,-0.9864111,6.6271505,4
-6.9527617,-1.1204864,6.3111157,4
-6.981492,-1.0055647,6.196194,4
-7.345411,-1.2354081,6.933608,4
-7.6135616,-1.3120226,6.9623384,4
-7.326257,-1.1109096,6.7324953,4
-7.019799,-0.7661445,6.2249246,4
-6.742072,-1.0151415,6.339846,4
-7.153875,-0.89064306,6.8186865,4
-6.9719152,-1.1971009,6.339846,4
-7.0581064,-1.2641385,6.7803793,4
-7.2304893,-1.0247183,6.7612257,4
-7.5465236,-1.1971009,6.895301,4
-6.8091097,-0.91937345,6.5984197,4
-6.885724,-0.79487497,6.0142345,4
-7.0485296,-1.292869,6.244078,4
-7.1251445,-1.3599066,6.4739213,4
-7.3645644,-1.0247183,6.5601125,4
-7.1155677,-1.0726024,6.5505357,4
-7.029376,-1.0726024,6.540959,4
-7.441179,-1.1300632,7.1347213,4
-7.326257,-1.1013328,6.9144545,4
-7.2687964,-1.1013328,6.253655,4
-7.297527,-1.2162545,6.6750345,4
-7.4028716,-1.2162545,6.9048777,4
-7.422025,-1.2449849,6.6654577,4
-7.52737,-1.2066777,7.2687964,4
-7.345411,-1.1300632,7.2209125,4
-7.1155677,-1.1300632,6.493075,4
-6.7708025,-1.0534488,5.9567738,4
-7.086837,-1.2258313,6.4547677,4
-7.326257,-1.1683705,6.5601125,4
-7.2783732,-1.0342951,6.483498,4
-7.3166804,-1.1683705,6.9527617,4
-7.2304893,-1.1971009,6.885724,4
-7.4028716,-1.3790601,6.4260373,4
-6.8186865,-1.0342951,6.4739213,4
-7.1347213,-1.091756,6.933608,4
-6.253655,-1.2449849,6.8186865,4
-6.8186865,-1.1875241,6.5218053,4
-7.680599,-1.1875241,6.83784,4
-7.383718,-1.2354081,6.5696893,4
-6.943185,-1.1300632,6.7324953,4
-5.7269306,-0.6607997,5.803545,4
-6.397307,-1.4460979,6.0716953,4
-7.3645644,-1.388637,7.2687964,4
-8.552089,-1.043872,7.2113357,4
-7.881712,-1.5131354,7.153875,4
-7.201759,-1.1204864,7.153875,4
-6.895301,-1.0151415,6.5218053,4
-6.742072,-1.1587936,6.3781533,4
-6.8186865,-1.0342951,5.995081,4
-7.067683,-1.0055647,6.3685765,4
-6.751649,-1.2449849,6.4739213,4
-7.2209125,-1.3790601,6.847417,4
-7.52737,-1.2737153,6.981492,4
-7.5561004,-1.2354081,7.2113357,4
-7.5561004,-1.3024458,7.067683,4
-7.431602,-1.1683705,7.2113357,4
-7.2592196,-1.2641385,6.6750345,4
-6.6654577,-1.1013328,6.0142345,4
-6.9719152,-1.0821792,6.3589997,4
-6.7708025,-1.1013328,6.033388,4
-7.1634517,-1.1013328,7.086837,4
-7.1730285,-1.0821792,6.8569937,4
-7.029376,-1.2066777,6.540959,4
-7.240066,-1.2641385,6.6654577,4
-7.326257,-1.1204864,7.019799,4
-7.2592196,-1.0821792,6.8186865,4
-7.086837,-1.091756,6.6367273,4
-6.9623384,-0.8619126,6.445191,4
-7.0102224,-1.1300632,6.5026517,4
-7.1634517,-1.1300632,6.4643445,4
-7.3166804,-0.92895025,6.742072,4
-7.4507556,-1.0726024,6.7612257,4
-7.1155677,-1.0630256,6.5601125,4
-7.7572136,-0.93852705,7.441179,4
-7.422025,-1.0247183,6.7229185,4
-7.192182,-0.9864111,6.38773,4
-6.5696893,-0.7661445,6.6079965,4
-6.9719152,-0.80445176,6.205771,4
-6.8091097,-0.842759,6.0142345,4
-7.086837,-0.94810385,6.7612257,4
-7.383718,-0.9672575,7.479486,4
-7.1730285,-0.6799533,6.703765,4
-7.086837,-1.1971009,6.5696893,4
-7.086837,-1.0247183,7.067683,4
-7.393295,-0.641646,6.83784,4
-7.1347213,-0.8810662,6.4068837,4
-7.1634517,-1.1013328,6.742072,4
-7.603985,-0.90021986,7.086837,4
-7.431602,-0.9672575,7.144298,4
-6.9048777,-0.8523358,6.1195793,4
-6.7133417,-0.7469909,5.5258174,4
-6.8186865,-0.91937345,6.847417,4
-7.038953,-0.90021986,6.7612257,4
-7.1059904,-0.92895025,6.4739213,4
-7.2783732,-0.641646,7.1730285,4
-7.4124484,-0.92895025,6.5505357,4
-7.335834,-1.0151415,6.6175733,4
-7.680599,-1.0055647,7.067683,4
-7.0485296,-0.7182605,6.445191,4
-7.2783732,-0.79487497,6.5026517,4
-7.374141,-1.1492168,6.6654577,4
-7.038953,-0.8331822,6.493075,4
-7.1826053,-0.79487497,6.5601125,4
-7.0581064,-1.2162545,6.6846113,4
-7.4124484,-0.92895025,6.435614,4
-7.2209125,-0.7469909,6.5218053,4
-7.1634517,-0.91937345,6.3589997,4
-7.2113357,-0.90979666,6.6367273,4
-6.943185,-0.78529817,6.081272,4
-7.374141,-1.091756,6.655881,4
-7.1059904,-0.94810385,5.9567738,4
-6.9144545,-0.82360536,6.397307,4
-7.1634517,-0.8331822,6.6654577,4
-7.2209125,-1.0342951,6.6271505,4
-7.690176,-1.0055647,6.655881,4
-7.240066,-0.9864111,6.6367273,4
-7.1155677,-0.90979666,6.540959,4
-7.019799,-0.9576807,6.4739213,4
-7.240066,-0.92895025,6.6750345,4
-7.249643,-0.78529817,6.579266,4
-7.345411,-1.1300632,6.943185,4
-7.2592196,-0.89064306,6.83784,4
-7.489063,-0.8714894,7.144298,4
-7.297527,-0.90979666,6.8091097,4
-7.297527,-0.7086837,6.5984197,4
-7.431602,-0.82360536,7.038953,4
-7.0581064,-1.0151415,6.2249246,4
-7.07726,-0.8523358,6.7229185,4
-6.981492,-0.94810385,6.38773,4
-6.799533,-0.8523358,6.2345014,4
-6.9623384,-0.8714894,6.493075,4
-6.981492,-0.94810385,6.2249246,4
-7.0581064,-0.7757214,6.3781533,4
-7.2687964,-0.94810385,6.5601125,4
-7.441179,-0.8810662,6.435614,4
-7.07726,-1.0726024,6.157887,4
-7.28795,-0.94810385,6.6750345,4
-7.2783732,-0.89064306,6.493075,4
-7.335834,-1.13964,7.0102224,4
-7.374141,-1.0630256,6.483498,4
-7.0964136,-0.91937345,6.435614,4
-7.1730285,-0.91937345,6.9527617,4
-7.201759,-0.9959879,6.7612257,4
-6.799533,-0.93852705,6.1004257,4
-7.2592196,-0.89064306,6.981492,4
-6.933608,-0.93852705,5.985504,4
-7.144298,-0.9864111,6.895301,4
-7.2783732,-1.0630256,6.291962,4
-7.201759,-1.1204864,6.540959,4
-7.335834,-1.0630256,6.6175733,4
-7.1826053,-0.9959879,6.4739213,4
-6.83784,-0.89064306,6.3781533,4
-6.9240313,-1.1683705,6.4739213,4
-7.144298,-1.1587936,7.0006456,4
-7.2304893,-1.1013328,6.703765,4
-7.441179,-1.2354081,6.6654577,4
-7.872135,-1.3024458,7.4986396,4
-8.015787,-0.9672575,7.6135616,4
-7.795521,-1.13964,6.8761473,4
-7.0485296,-1.0821792,6.5122285,4
-7.249643,-1.0534488,6.349423,4
-6.9048777,-0.9959879,6.301539,4
-6.9719152,-0.92895025,6.5601125,4
-7.1059904,-0.91937345,6.4643445,4
-7.383718,-1.1492168,6.742072,4
-7.2687964,-0.93852705,6.7612257,4
-7.8050976,-1.388637,7.0964136,4
-7.07726,-1.0726024,6.6654577,4
-7.038953,-0.6895301,6.5026517,4
-6.9527617,-0.89064306,6.215348,4
-7.029376,-1.1779473,6.301539,4
-7.086837,-0.81402856,6.933608,4
-6.3111157,-0.6607997,5.707777,4
-7.029376,-1.1204864,6.6750345,4
-6.7229185,-0.94810385,6.3781533,4
-7.632715,-0.9959879,7.4124484,4
-7.0964136,-1.3982137,6.2632318,4
-7.6614456,-1.1875241,7.8050976,4
-7.8529816,-1.0342951,7.489063,4
-7.2304893,-1.1587936,6.8282633,4
-7.2592196,-0.8523358,6.8569937,4
-6.435614,-0.92895025,6.5601125,4
-7.249643,-1.2066777,6.9240313,4
-7.6710224,-0.9672575,7.038953,4
-7.1251445,-0.8523358,6.83784,4
-6.5026517,-1.0534488,6.1387334,4
-6.4164605,-0.9959879,6.167464,4
-7.067683,-0.8331822,6.2345014,4
-6.751649,-0.9576807,5.9567738,4
-6.8091097,-0.8810662,7.029376,4
-6.895301,-0.9576807,7.335834,4
-7.086837,-1.1013328,6.339846,4
-7.2113357,-0.90021986,6.6079965,4
-7.1634517,-0.90979666,6.7133417,4
-7.192182,-1.13964,7.07726,4
-7.6231384,-1.2066777,7.28795,4
-7.8912888,-1.0630256,7.1155677,4
-7.469909,-0.842759,6.703765,4
-6.895301,-0.91937345,6.7612257,4
-6.7324953,-1.091756,6.742072,4
-6.8665705,-0.9672575,6.751649,4
-7.0581064,-0.82360536,6.2728086,4
-7.4124484,-1.1683705,6.8282633,4
-7.0581064,-0.93852705,6.981492,4
-7.1155677,-1.1492168,6.694188,4
-7.0006456,-0.93852705,6.7708025,4
-7.3166804,-1.0055647,7.067683,4
-7.3166804,-0.9768343,6.694188,4
-7.3645644,-0.842759,6.579266,4
-7.019799,-0.91937345,6.5505357,4
-6.8569937,-1.043872,6.751649,4
-7.4124484,-1.0055647,6.493075,4
-7.3166804,-0.9768343,6.1195793,4
-7.642292,-0.8331822,6.4547677,4
-7.153875,-0.7278373,6.7324953,4
-7.3071036,-1.091756,6.7803793,4
-7.4986396,-0.94810385,6.8569937,4
-7.651869,-1.0630256,6.6175733,4
-7.3645644,-0.7757214,6.5601125,4
-6.9240313,-0.7469909,6.0142345,4
-7.3166804,-0.9576807,6.4643445,4
-7.4603324,-1.043872,6.9240313,4
-7.2783732,-0.7661445,6.2632318,4
-7.201759,-1.043872,6.1004257,4
-7.335834,-0.8619126,6.349423,4
-7.9104424,-0.90021986,6.445191,4
-7.642292,-0.8619126,6.5122285,4
-7.4028716,-0.79487497,6.6367273,4
-6.9527617,-0.7757214,6.129156,4
-6.799533,-0.81402856,6.253655,4
-7.2113357,-0.7182605,6.2728086,4
-7.603985,-0.80445176,6.8186865,4
-7.5944076,-1.0247183,6.9719152,4
-7.393295,-0.81402856,7.086837,4
-7.1347213,-0.62249243,6.847417,4
-6.847417,-0.5363012,6.3111157,4
-6.9719152,-0.641646,6.6271505,4
-7.3166804,-0.6703765,6.6654577,4
-7.575254,-0.7086837,6.339846,4
-7.4507556,-0.5650316,6.8282633,4
-6.895301,-0.49799395,6.3781533,4
-7.4124484,-0.5267244,6.6367273,4
-7.249643,-0.24899697,7.0964136,4
-7.4507556,-0.4405331,6.8761473,4
-7.4124484,-0.7086837,6.8282633,4
-7.5082164,-0.45010993,7.086837,4
-7.3071036,-0.4309563,6.7612257,4
-7.3549876,-0.59376204,6.6079965,4
-7.1155677,-0.11492168,6.703765,4
-6.933608,-0.33518824,6.205771,4
-6.5026517,-0.5363012,5.66947,4
-6.445191,-0.32561144,5.899313,4
-6.8186865,-0.45010993,6.3589997,4
-7.3071036,-0.60333884,6.7612257,4
-8.00621,-0.6703765,7.038953,4
-8.054094,-0.7374141,7.2209125,4
-7.9391727,-0.6895301,7.0006456,4
-7.4603324,-0.61291564,6.655881,4
-7.1826053,-0.5650316,7.144298,4
-7.2209125,-0.61291564,6.0716953,4
-7.335834,-0.35434186,6.196194,4
-7.393295,-0.6799533,6.7324953,4
-7.297527,-0.8331822,6.742072,4
-7.7572136,-0.7086837,7.07726,4
-7.489063,-0.63206923,6.9719152,4
-7.52737,-0.842759,6.9719152,4
-7.393295,-0.6703765,6.655881,4
-7.067683,-0.5554548,6.4260373,4
-7.1059904,-0.8714894,6.588843,4
-6.933608,-0.9768343,6.4643445,4
-7.1730285,-0.8619126,6.5122285,4
-7.144298,-0.9864111,6.7229185,4
-7.029376,-1.2066777,6.6079965,4
-7.07726,-1.1109096,6.4164605,4
-7.07726,-1.0534488,6.8569937,4
-7.2113357,-1.2162545,6.4547677,4
-7.2592196,-1.2162545,6.540959,4
-7.2687964,-1.2162545,6.991069,4
-7.517793,-1.2066777,7.1059904,4
-7.1826053,-1.0151415,6.3685765,4
-6.9719152,-0.9576807,6.3206925,4
-6.9240313,-1.043872,6.3111157,4
-7.1634517,-1.1779473,6.339846,4
-7.1059904,-0.8714894,6.7229185,4
-7.469909,-0.93852705,6.885724,4
-6.8665705,-1.0534488,6.2345014,4
-7.4507556,-0.9768343,7.0006456,4
-7.6231384,-0.94810385,7.038953,4
-7.4028716,-1.043872,6.742072,4
-6.9527617,-0.8810662,6.349423,4
-6.8569937,-0.78529817,6.694188,4
-7.6231384,-0.90021986,7.0964136,4
-7.603985,-0.94810385,6.6271505,4
-7.651869,-0.78529817,7.029376,4
-6.9623384,-0.60333884,6.1866174,4
-7.144298,-0.9864111,6.4739213,4
-7.326257,-0.7278373,6.5601125,4
-7.383718,-0.61291564,6.7612257,4
-7.326257,-0.7469909,6.8091097,4
-7.153875,-0.81402856,6.6271505,4
-7.07726,-0.61291564,6.3781533,4
-7.249643,-0.9959879,6.7133417,4
-7.575254,-0.81402856,6.742072,4
-7.6614456,-0.78529817,6.7708025,4
-7.0102224,-0.82360536,6.7612257,4
-6.789956,-0.79487497,5.631162,4
-6.847417,-0.60333884,6.0525417,4
-7.0006456,-0.8810662,6.3111157,4
-6.885724,-0.7086837,6.3302693,4
-6.7229185,-0.93852705,6.4260373,4
-6.8091097,-0.6799533,6.646304,4
-7.029376,-0.50757074,6.5696893,4
-6.703765,-0.92895025,6.6079965,4
-7.2592196,-0.91937345,6.579266,4
-7.9391727,-1.1300632,6.9144545,4
-8.839393,-1.2258313,7.52737,4
-7.9008656,-0.59376204,7.019799,4
-6.8569937,-0.45010993,6.253655,4
-6.3685765,-0.6799533,6.167464,4
-6.3111157,-0.5267244,5.6982,4
-6.751649,-0.7086837,5.6407394,4
-7.192182,-0.90979666,6.397307,4
-7.728483,-0.842759,6.991069,4
-7.393295,-0.79487497,7.422025,4
-7.469909,-0.9672575,7.4124484,4
-7.8529816,-1.1300632,7.144298,4
-8.418014,-1.1587936,7.383718,4
-7.9008656,-1.0821792,6.8569937,4
-6.933608,-0.81402856,6.445191,4
-6.493075,-0.81402856,6.6079965,4
-6.703765,-0.9576807,6.3781533,4
-6.8761473,-0.8810662,6.5984197,4
-7.0964136,-0.94810385,6.588843,4
-6.9527617,-1.1013328,6.4164605,4
-7.2113357,-1.091756,6.8665705,4
-6.8091097,-1.0151415,6.579266,4
-7.067683,-1.0534488,6.9527617,4
-6.943185,-0.9576807,7.297527,4
-7.0964136,-0.89064306,6.8186865,4
-6.6367273,-1.1109096,5.851429,4
-6.6654577,-1.13964,5.90889,4
-7.201759,-0.93852705,6.3781533,4
-7.374141,-1.0821792,6.83784,4
-7.086837,-1.0726024,7.153875,4
-7.4507556,-0.90979666,6.991069,4
-7.3071036,-1.0821792,6.579266,4
-6.933608,-1.0534488,6.14831,4
-7.07726,-1.1109096,6.4739213,4
-7.2687964,-0.80445176,7.038953,4
-7.335834,-1.0821792,6.847417,4
-6.847417,-1.1204864,6.742072,4
-7.240066,-1.1683705,7.0581064,4
-7.345411,-1.292869,6.6750345,4
-7.2209125,-1.3215994,6.694188,4
-7.249643,-1.1779473,6.6175733,4
-7.1347213,-0.9864111,6.4643445,4
-7.1059904,-1.1683705,6.435614,4
-7.2304893,-1.0534488,6.9144545,4
-7.383718,-1.1013328,6.6367273,4
-7.201759,-1.1013328,6.301539,4
-7.240066,-1.0726024,6.4260373,4
-6.933608,-0.8714894,6.291962,4
-7.086837,-1.2354081,6.6750345,4
-7.479486,-1.0055647,7.5082164,4
-7.833828,-0.8331822,7.536947,4
-7.374141,-1.2545617,6.2345014,4
-6.8091097,-1.2354081,6.435614,4
-7.153875,-0.90021986,6.742072,4
-7.3549876,-0.90979666,6.483498,4
-7.326257,-1.091756,6.483498,4
-7.2304893,-0.80445176,6.847417,4
-7.07726,-0.90021986,6.6271505,4
-7.1730285,-0.93852705,6.2345014,4
-7.1826053,-0.79487497,6.646304,4
-7.2113357,-0.842759,6.6367273,4
-7.3549876,-1.091756,6.4164605,4
-7.3549876,-0.90979666,6.6367273,4
-7.5848308,-0.78529817,6.703765,4
-7.144298,-1.043872,6.1866174,4
-7.52737,-0.9959879,6.703765,4
-7.345411,-0.7565677,6.7803793,4
-7.1826053,-0.90021986,6.799533,4
-6.789956,-0.9959879,6.157887,4
-6.991069,-0.7374141,6.5984197,4
-7.28795,-1.0821792,6.0621185,4
-7.6710224,-1.1683705,6.3206925,4
-7.833828,-1.1204864,7.5944076,4
-7.7189064,-1.1875241,7.335834,4
-7.2304893,-0.7182605,5.995081,4
-7.4124484,-1.1683705,6.7612257,4
-7.7189064,-1.1492168,7.6614456,4
-8.1402855,-0.91937345,6.540959,4
-7.4603324,-1.1300632,6.0238113,4
-7.2687964,-0.842759,6.4547677,4
-6.933608,-0.8523358,6.3589997,4
-7.1347213,-0.89064306,6.4068837,4
-7.326257,-1.091756,6.8186865,4
-7.249643,-0.92895025,6.253655,4
-7.1155677,-0.63206923,6.493075,4
-6.8761473,-0.7661445,5.899313,4
-6.7133417,-1.0247183,5.93762,4
-7.28795,-0.5267244,6.8282633,4
-6.339846,-0.6991069,6.1387334,4
-7.3549876,-0.81402856,6.5505357,4
-7.28795,-0.91937345,7.383718,4
-7.2783732,-0.78529817,7.5561004,4
-7.297527,-0.7086837,6.847417,4
-6.8761473,-0.7086837,6.244078,4
-6.8186865,-0.61291564,6.349423,4
-6.5601125,-0.842759,6.349423,4
-7.1155677,-0.92895025,6.895301,4
-7.4124484,-0.8523358,6.789956,4
-7.345411,-0.82360536,6.895301,4
-7.1826053,-0.7565677,6.9048777,4
-7.335834,-0.78529817,7.2592196,4
-7.642292,-1.043872,7.651869,4
-7.73806,-1.0247183,7.383718,4
-7.776367,-0.90021986,7.6135616,4
-7.2113357,-0.82360536,6.6175733,4
-7.029376,-0.80445176,6.1195793,4
-7.479486,-0.82360536,6.991069,4
-7.4124484,-0.6799533,7.1251445,4
-7.0006456,-0.90979666,5.6120086,4
-6.8091097,-0.81402856,6.215348,4
-6.8665705,-0.45968673,6.483498,4
-6.6271505,-0.7661445,5.650316,4
-6.646304,-0.5746084,6.253655,4
-7.0006456,-0.61291564,6.157887,4
-6.991069,-0.90979666,6.2249246,4
-7.6135616,-0.89064306,6.7612257,4
-7.6231384,-0.8810662,6.6750345,4
-7.5848308,-0.8714894,6.588843,4
-7.6231384,-0.6703765,6.742072,4
-7.776367,-0.63206923,6.9527617,4
-7.517793,-0.7374141,6.742072,4
-7.4124484,-0.62249243,6.3206925,4
-7.3071036,-0.50757074,5.9280434,4
-7.5082164,-0.49799395,6.7708025,4
-7.833828,-0.45010993,7.1730285,4
-7.6614456,-0.5267244,6.6175733,4
-7.192182,-0.46926352,5.947197,4
-7.1730285,-0.49799395,6.397307,4
-7.575254,-0.4213795,6.244078,4
-7.4603324,-0.7086837,6.7612257,4
-7.5561004,-0.17238252,7.249643,4
-7.240066,-0.30645782,6.349423,4
-6.7133417,-0.35434186,5.9184666,4
-6.9240313,-0.46926352,6.1866174,4
-7.4124484,-0.545878,6.8186865,4
-7.5082164,-0.48841715,6.694188,4
-7.3071036,-0.38307226,6.4643445,4
-7.249643,-0.4405331,6.5984197,4
-7.2783732,-0.5746084,6.8569937,4
-7.4507556,-0.45010993,6.6079965,4
-7.0485296,-0.45968673,5.813122,4
-7.1826053,-0.4309563,7.144298,4
-7.249643,-0.5650316,7.240066,4
-7.201759,-0.40222588,6.991069,4
-7.1634517,-0.39264908,6.7708025,4
-6.847417,-0.31603462,6.9240313,4
-6.981492,-0.33518824,6.9719152,4
-7.4028716,-0.45968673,6.9719152,4
-7.201759,-0.4213795,7.2304893,4
-6.943185,-0.58418524,6.7803793,4
-7.2113357,-0.6799533,6.943185,4
-7.785944,-0.58418524,7.0581064,4
-7.1347213,-0.33518824,6.7612257,4
-6.8282633,-0.33518824,6.799533,4
-6.9527617,-0.32561144,6.6750345,4
-7.383718,-0.62249243,7.0006456,4
-7.383718,-0.39264908,6.9144545,4
-7.431602,-0.641646,6.531382,4
-7.019799,-0.6703765,6.5984197,4
-7.469909,-0.34476504,7.0485296,4
-7.2304893,-0.5554548,6.7708025,4
-7.153875,-0.63206923,6.7133417,4
-7.517793,-0.47884035,6.7612257,4
-7.067683,-0.4213795,6.694188,4
-7.297527,-0.5554548,6.694188,4
-7.5082164,-0.6895301,6.9240313,4
-7.2592196,-0.545878,6.933608,4
-6.9719152,-0.5554548,6.7133417,4
-7.2113357,-0.6991069,6.646304,4
-7.393295,-0.58418524,6.579266,4
-7.1059904,-0.39264908,6.6271505,4
-6.7133417,-0.5554548,6.0238113,4
-6.8569937,-0.46926352,6.196194,4
-7.3166804,-0.6607997,6.8665705,4
-7.441179,-0.60333884,7.2113357,4
-7.0102224,-0.6799533,6.4164605,4
-6.215348,-0.6512229,6.349423,4
-7.144298,-0.48841715,6.4739213,4
-6.933608,-0.35434186,7.3645644,4
-7.1826053,-0.7086837,6.694188,4
-7.3645644,-0.545878,5.5258174,4
-7.086837,-0.60333884,7.086837,4
-7.067683,-0.45968673,6.742072,4
-7.0006456,-0.47884035,6.3302693,4
-6.9144545,-0.6703765,6.3685765,4
-7.240066,-0.8523358,6.6654577,4
-7.4507556,-0.6607997,7.029376,4
-7.699753,-0.59376204,7.2783732,4
-7.422025,-0.7374141,6.8761473,4
-7.6135616,-0.7374141,6.703765,4
-7.7093296,-0.7374141,7.2687964,4
-7.383718,-0.59376204,6.885724,4
-7.153875,-0.6895301,6.8282633,4
-7.3645644,-0.5554548,6.8282633,4
-6.885724,-0.48841715,6.0525417,4
-6.8282633,-0.60333884,6.1866174,4
-6.9719152,-0.7374141,6.3781533,4
-7.2687964,-0.7374141,6.4164605,4
-7.565677,-0.6512229,6.5026517,4
-7.3071036,-0.7182605,6.215348,4
-7.2783732,-0.61291564,6.588843,4
-7.469909,-0.7469909,6.895301,4
-7.1826053,-0.60333884,6.799533,4
-6.9240313,-0.842759,6.2823853,4
-7.1251445,-1.0534488,6.1195793,4
-7.5561004,-1.1683705,7.1634517,4
-6.8569937,-0.7374141,6.6367273,4
-7.029376,-1.0630256,5.602432,4
-7.469909,-1.340753,6.9048777,4
-7.0102224,-0.7278373,6.4260373,4
-6.7803793,-0.91937345,6.4739213,4
-7.2304893,-1.0342951,7.038953,4
-7.7667904,-0.8619126,6.9623384,4
-7.383718,-1.13964,6.6750345,4
-7.201759,-1.1683705,6.5696893,4
-7.1634517,-0.92895025,6.5218053,4
-6.991069,-1.0534488,6.4260373,4
-7.153875,-1.13964,6.7708025,4
-7.4986396,-0.90021986,6.9623384,4
-7.383718,-1.1013328,6.646304,4
-7.6231384,-1.2258313,7.07726,4
-7.6710224,-0.9768343,7.0102224,4
-6.885724,-1.0726024,6.5122285,4
-6.694188,-1.043872,6.847417,4
-7.5082164,-1.1683705,7.0964136,4
-7.3071036,-1.0726024,6.751649,4
-7.383718,-1.2641385,6.981492,4
-7.699753,-1.2545617,7.383718,4
-8.322245,-1.7621324,7.489063,4
-7.0964136,-0.5267244,6.081272,4
-5.9759274,-0.51714754,5.2863975,4
-5.631162,-0.91937345,5.6982,4
-6.0142345,-0.7374141,4.9703627,4
-5.305551,-0.21068975,4.4915223,4
-7.441179,-2.1452048,7.153875,4
-8.772355,-1.2641385,8.485051,4
-9.768343,-0.5267244,8.034941,4
-8.647857,-1.4556746,8.073248,4
-7.038953,-1.2162545,7.3166804,4
-6.4547677,-0.62249243,6.3111157,4
-6.5505357,-0.90979666,5.985504,4
-6.943185,-1.0247183,5.650316,4
-7.5561004,-0.9864111,6.4643445,4
-6.9527617,-0.7565677,6.9719152,4
-6.3685765,-0.7565677,6.540959,4
-6.579266,-1.3311762,5.4204726,4
-7.5082164,-1.1587936,6.9240313,4
-7.2687964,-0.8810662,6.6367273,4
-7.0006456,-1.1204864,6.6271505,4
-7.2304893,-0.92895025,6.646304,4
-7.651869,-1.1204864,6.655881,4
-7.4986396,-1.0726024,6.5218053,4
-7.345411,-1.1013328,6.655881,4
-7.0485296,-1.043872,6.6271505,4
-7.2592196,-1.1683705,6.703765,4
-7.5082164,-1.2641385,6.5218053,4
-7.7093296,-1.2066777,7.2113357,4
-7.1826053,-0.9672575,6.7803793,4
-6.7324953,-1.0247183,6.3302693,4
-6.8091097,-0.9768343,5.9567738,4
-6.8282633,-1.0151415,6.4739213,4
-7.2783732,-1.1971009,6.5218053,4
-7.393295,-1.340753,6.5218053,4
-7.201759,-1.0151415,6.5122285,4
-7.0485296,-1.1971009,5.5162406,4
-7.0006456,-1.340753,6.3589997,4
-7.651869,-1.3120226,6.847417,4
-7.5465236,-1.2737153,6.4164605,4
-7.575254,-1.283292,6.2345014,4
-7.2209125,-1.2066777,5.6407394,4
-7.249643,-1.1587936,6.205771,4
-7.07726,-1.2258313,5.746084,4
-6.9048777,-1.1779473,6.0621185,4
-7.1347213,-1.091756,6.0142345,4
-7.086837,-1.1300632,5.9567738,4
-6.981492,-1.3024458,6.14831,4
-7.2783732,-1.2545617,6.4547677,4
-7.4028716,-1.2545617,6.4739213,4
-7.517793,-1.3120226,6.493075,4
-7.642292,-1.3790601,6.6750345,4
-7.7667904,-1.292869,6.789956,4
-7.967903,-1.2641385,7.086837,4
-7.9008656,-1.4173675,6.7612257,4
-7.881712,-1.3790601,7.0964136,4
-8.0445175,-1.3120226,7.249643,4
-8.015787,-1.4173675,7.1826053,4
-7.9008656,-1.4077905,7.0006456,4
-7.9104424,-1.3215994,7.029376,4
-8.025364,-1.2545617,7.1826053,4
-7.881712,-1.3503298,6.8761473,4
-7.651869,-1.283292,6.531382,4
-7.441179,-1.2258313,6.4164605,4
-7.469909,-1.1109096,6.540959,4
-7.2592196,-1.3024458,6.0716953,4
-7.1826053,-1.1109096,6.1004257,4
-7.2209125,-1.1779473,6.1770406,4
-7.489063,-1.3311762,6.483498,4
-8.063671,-1.3503298,7.192182,4
-7.833828,-1.484405,6.9527617,4
-7.441179,-1.3311762,5.9759274,4
-7.0006456,-1.1109096,5.9280434,4
-6.981492,-1.1875241,5.650316,4
-6.933608,-1.0342951,5.4300494,4
-7.038953,-1.0821792,6.4260373,4
-7.2687964,-1.436521,6.3589997,4
-7.872135,-1.1971009,6.3685765,4
-8.101978,-1.4748282,6.435614,4
-7.8146744,-1.4748282,6.167464,4
-7.2209125,-0.93852705,5.6886234,4
-6.4068837,-1.0151415,5.363012,4
-6.2728086,-0.9959879,4.8937483,4
-7.517793,-1.0821792,6.0142345,4
-7.651869,-1.2545617,6.6654577,4
-7.9391727,-1.0726024,7.1059904,4
-7.565677,-1.0151415,6.799533,4
-7.0964136,-1.1971009,5.803545,4
-6.8091097,-1.1300632,6.090849,4
-7.2113357,-0.9768343,6.397307,4
-7.6231384,-1.2354081,6.6750345,4
-7.9104424,-1.3024458,7.153875,4
-8.054094,-1.2449849,7.2304893,4
-7.4028716,-1.043872,6.9527617,4
-7.0964136,-1.0534488,6.9144545,4
-6.646304,-0.91937345,6.6079965,4
-6.9623384,-1.0534488,7.029376,4
-6.9240313,-1.13964,7.0006456,4
-7.4986396,-0.89064306,7.4507556,4
-7.0006456,-0.9576807,7.1730285,4
-7.0006456,-0.9959879,7.1730285,4
-7.0006456,-1.0534488,6.981492,4
-7.192182,-1.0534488,6.933608,4
-6.847417,-0.9864111,6.9048777,4
-6.5601125,-0.90021986,6.8282633,4
-6.8282633,-1.0055647,6.6367273,4
-6.6175733,-0.79487497,6.799533,4
-7.07726,-1.0821792,7.038953,4
-6.9240313,-0.90979666,7.192182,4
-6.703765,-0.8523358,6.435614,4
-7.2304893,-1.043872,7.0581064,4
-7.038953,-1.1013328,6.83784,4
-6.3685765,-0.60333884,6.5026517,4
-6.5218053,-0.89064306,6.9048777,4
-7.192182,-1.1683705,7.920019,4
-7.4028716,-0.7565677,7.920019,4
-6.847417,-0.93852705,6.847417,4
-6.5122285,-0.8714894,6.042965,4
-6.2823853,-0.81402856,6.1387334,4
-5.9567738,-0.7278373,6.0716953,4
-7.0006456,-1.091756,7.4124484,4
-7.795521,-1.2066777,8.341399,4
-7.431602,-0.7757214,6.8761473,4
-6.2249246,-0.9576807,6.38773,4
-6.042965,-0.8714894,6.5984197,4
-6.703765,-0.92895025,7.0102224,4
-7.144298,-1.0630256,6.895301,4
-7.5848308,-1.0055647,7.1059904,4
-7.2783732,-0.93852705,7.6614456,4
-7.2113357,-1.1013328,7.4603324,4
-7.326257,-1.0055647,7.240066,4
-6.8569937,-0.7757214,6.4260373,4
-6.3685765,-0.90021986,6.579266,4
-6.5601125,-0.9768343,6.301539,4
-6.8091097,-0.842759,7.029376,4
-7.067683,-0.8714894,6.8761473,4
-7.1634517,-0.9959879,6.7324953,4
-7.1155677,-0.91937345,6.694188,4
-7.1059904,-1.0151415,6.9144545,4
-6.933608,-0.90021986,6.655881,4
-6.6654577,-0.842759,6.5601125,4
-7.029376,-0.9959879,6.8282633,4
-7.536947,-1.1300632,7.1251445,4
-7.632715,-0.90021986,7.07726,4
-7.0964136,-0.8714894,6.7133417,4
-6.6750345,-0.91937345,6.5026517,4
-6.847417,-0.842759,6.540959,4
-6.7708025,-0.842759,6.6271505,4
-6.981492,-1.091756,6.703765,4
-7.1347213,-0.8619126,7.240066,4
-7.326257,-1.0151415,6.6175733,4
-7.28795,-0.90021986,6.847417,4
-7.1826053,-0.78529817,6.885724,4
-6.6846113,-1.0151415,6.8282633,4
-6.8282633,-0.92895025,6.9719152,4
-7.1059904,-0.89064306,7.0485296,4
-7.326257,-1.1013328,7.422025,4
-7.881712,-1.1492168,7.4028716,4
-7.8625584,-0.9576807,7.5848308,4
-7.469909,-1.0055647,7.2592196,4
-7.2304893,-0.9576807,6.9527617,4
-6.943185,-0.7757214,6.6654577,4
-6.646304,-0.89064306,6.14831,4
-6.7133417,-0.9672575,6.291962,4
-7.1826053,-0.8619126,6.8569937,4
-7.2113357,-1.0726024,6.799533,4
-7.517793,-0.9959879,7.28795,4
-7.086837,-0.79487497,7.2783732,4
-7.0102224,-0.8714894,7.0581064,4
-6.9719152,-1.13964,6.2632318,4
-6.8282633,-0.641646,6.196194,4
-6.129156,-0.47884035,5.2480903,4
-5.803545,-0.6799533,5.410896,4
-5.9567738,-0.58418524,5.6215854,4
-6.742072,-0.641646,6.291962,4
-7.1347213,-1.0247183,7.1059904,4
-7.2783732,-1.0342951,6.991069,4
-7.728483,-0.9959879,7.1730285,4
-7.7667904,-1.0821792,6.7324953,4
-7.5561004,-0.90979666,5.9280434,4
-7.6231384,-1.0534488,6.6846113,4
-7.517793,-0.8619126,6.742072,4
-7.8529816,-1.0726024,6.6175733,4
-7.6135616,-1.0151415,6.5984197,4
-7.785944,-0.9959879,6.6846113,4
-7.52737,-0.92895025,6.655881,4
-7.469909,-0.91937345,6.8282633,4
-6.981492,-0.7278373,6.847417,4
-7.4986396,-1.0151415,7.0102224,4
-7.3071036,-0.93852705,6.6750345,4
-7.297527,-0.8523358,6.694188,4
-7.2113357,-0.92895025,6.9527617,4
-7.326257,-0.92895025,6.9623384,4
-7.144298,-0.9959879,6.933608,4
-7.326257,-0.89064306,6.751649,4
-7.642292,-0.9576807,6.83784,4
-7.479486,-0.7278373,6.8282633,4
-7.0102224,-0.6703765,6.5601125,4
-6.5218053,-0.78529817,6.349423,4
-6.3685765,-0.9672575,6.0525417,4
-6.742072,-0.90021986,5.9759274,4
-7.335834,-0.8714894,7.1826053,4
-7.6614456,-0.92895025,7.3071036,4
-7.575254,-0.93852705,6.799533,4
-7.3166804,-0.90979666,6.742072,4
-6.531382,-0.80445176,6.588843,4
-7.0485296,-0.94810385,6.9144545,4
-7.1826053,-0.8331822,6.8569937,4
-7.4028716,-0.8714894,6.7133417,4
-7.0006456,-0.9576807,6.7324953,4
-7.067683,-0.7182605,6.4260373,4
-7.469909,-0.90979666,7.374141,4
-7.326257,-1.2258313,6.799533,4
-6.6175733,-0.40222588,6.090849,4
-6.3111157,-0.58418524,5.6886234,4
-6.3589997,-1.1875241,6.655881,4
-6.694188,-0.38307226,6.531382,4
-6.694188,-0.89064306,6.493075,4
-6.5218053,-0.7757214,5.8801594,4
-6.7708025,-0.81402856,6.6175733,4
-7.1730285,-1.091756,6.991069,4
-7.881712,-1.13964,7.5082164,4
-8.485051,-1.1875241,7.393295,4
-8.082825,-1.2737153,6.4547677,4
-7.345411,-0.90979666,6.5696893,4
-7.0006456,-0.8619126,6.1866174,4
-7.067683,-0.81402856,6.5218053,4
-7.019799,-0.6895301,6.244078,4
-7.0006456,-1.091756,5.995081,4
-7.374141,-1.1300632,6.588843,4
-7.345411,-1.0247183,6.157887,4
-7.6614456,-1.1109096,6.3589997,4
-7.7093296,-1.1875241,6.4643445,4
-8.025364,-1.1492168,6.8091097,4
-7.603985,-1.0055647,6.291962,4
-6.9240313,-0.6991069,6.157887,4
-7.0102224,-0.9672575,6.2632318,4
-7.297527,-1.0342951,6.3781533,4
-7.6614456,-0.92895025,6.8761473,4
-7.383718,-1.043872,6.6175733,4
-7.28795,-1.0151415,6.033388,4
-7.2304893,-0.94810385,6.4068837,4
-7.1251445,-0.8714894,6.445191,4
-7.1155677,-0.7278373,6.5218053,4
-6.895301,-1.0342951,6.2823853,4
-6.7133417,-0.8331822,5.93762,4
-7.153875,-0.92895025,6.349423,4
-7.029376,-1.1492168,6.435614,4
-7.1155677,-0.842759,6.1100025,4
-7.0485296,-0.9959879,6.6271505,4
-7.2592196,-0.90979666,7.0581064,4
-7.3166804,-0.91937345,7.0485296,4
-7.489063,-1.1779473,7.2304893,4
-7.326257,-1.0055647,7.1155677,4
-7.201759,-0.9864111,7.067683,4
-7.565677,-1.043872,7.776367,4
-7.1730285,-1.0247183,6.8186865,4
-6.9240313,-0.9576807,6.579266,4
-7.0964136,-0.8810662,6.799533,4
-7.422025,-0.8810662,7.28795,4
-7.393295,-1.1683705,6.8665705,4
-7.067683,-0.9768343,6.7708025,4
-7.0485296,-0.91937345,6.751649,4
-6.4643445,-1.0055647,6.2823853,4
-6.991069,-0.81402856,6.6079965,4
-7.0964136,-0.9576807,6.5984197,4
-6.885724,-1.0726024,5.985504,4
-7.1730285,-0.842759,6.8091097,4
-7.3166804,-1.1779473,6.9144545,4
-7.297527,-1.2737153,6.6079965,4
-7.431602,-1.1204864,6.5601125,4
-7.4028716,-1.1300632,6.3302693,4
-7.5944076,-1.4556746,7.201759,4
-6.6367273,-0.7469909,7.2209125,4
-6.8186865,-0.90979666,6.2632318,4
-6.742072,-1.3311762,6.703765,4
-7.5848308,-1.2449849,6.981492,4
-7.699753,-1.3694834,6.885724,4
-7.642292,-1.1204864,6.789956,4
-7.4028716,-1.2641385,6.38773,4
-7.28795,-1.1109096,6.799533,4
-7.5944076,-1.1587936,6.4739213,4
-7.1634517,-1.0342951,6.301539,4
-6.751649,-1.0151415,6.38773,4
-6.6175733,-1.2066777,6.981492,4
-7.1251445,-0.9864111,6.5218053,4
-7.2304893,-1.0247183,6.5601125,4
-7.2113357,-1.2258313,6.9719152,4
-7.0485296,-1.1683705,6.2345014,4
-7.4028716,-0.90979666,6.6654577,4
-8.408437,-1.532289,7.651869,4
-8.025364,-1.3599066,7.4986396,4
-7.1826053,-0.62249243,5.8705826,4
-5.6790466,-1.0726024,5.5737014,4
-6.38773,-1.0247183,5.8705826,4
-7.52737,-0.90021986,6.253655,4
-7.517793,-0.9576807,6.6367273,4
-7.3166804,-1.0534488,6.7708025,4
-7.2783732,-0.9576807,7.019799,4
-7.536947,-1.13964,7.2592196,4
-7.7667904,-1.1779473,7.326257,4
-7.469909,-1.0247183,7.431602,4
-6.7612257,-0.90979666,7.2592196,4
-7.0964136,-1.0630256,6.7324953,4
-7.019799,-0.8810662,6.339846,4
-6.799533,-0.7469909,5.755661,4
-6.6079965,-0.94810385,6.0238113,4
-6.3685765,-0.89064306,6.6175733,4
-6.6271505,-0.7469909,6.205771,4
-6.8091097,-0.9576807,6.14831,4
-7.0006456,-0.80445176,6.742072,4
-7.1730285,-1.0247183,6.579266,4
-7.297527,-0.93852705,7.2304893,4
-6.933608,-0.8523358,7.0102224,4
-6.885724,-0.8619126,6.445191,4
-6.7612257,-0.8523358,6.0525417,4
-7.326257,-1.0342951,6.205771,4
-7.5561004,-0.81402856,6.751649,4
-7.4028716,-1.0247183,6.895301,4
-7.680599,-1.1875241,7.374141,4
-7.97748,-1.0726024,7.1155677,4
-7.699753,-1.1300632,7.1251445,4
-7.3166804,-0.8331822,6.4068837,4
-6.7708025,-0.6512229,5.755661,4
-7.086837,-1.1300632,6.4643445,4
-7.249643,-0.94810385,6.742072,4
-7.019799,-0.7469909,6.3302693,4
-7.086837,-1.0247183,6.2823853,4
-7.2209125,-0.9959879,6.1770406,4
-7.422025,-1.0151415,6.579266,4
-7.8146744,-1.2066777,5.9759274,4
-7.8912888,-0.93852705,6.6654577,4
-7.1251445,-0.842759,5.8801594,4
-6.9527617,-0.94810385,5.717354,4
-7.1826053,-0.90979666,6.033388,4
-6.7229185,-0.91937345,6.090849,4
-7.1634517,-1.13964,6.205771,4
-7.8050976,-1.0726024,6.751649,4
-8.360553,-1.2641385,6.991069,4
-8.24563,-1.1971009,6.8186865,4
-7.6614456,-0.8331822,6.4643445,4
-6.579266,-0.78529817,5.813122,4
-6.6175733,-1.091756,6.2249246,4
-7.038953,-0.7374141,5.947197,4
-6.8186865,-1.0151415,5.133168,4
-7.8146744,-1.2545617,6.301539,4
-7.920019,-0.9768343,6.435614,4
-8.437167,-1.2737153,7.4507556,4
-7.9870567,-0.8619126,6.943185,4
-7.642292,-1.0630256,6.5601125,4
-7.383718,-1.1109096,6.0238113,4
-7.575254,-0.90021986,5.8705826,4
-7.1634517,-0.91937345,6.2249246,4
-6.799533,-0.9576807,5.93762,4
-7.1634517,-0.8714894,6.1770406,4
-7.4124484,-1.0342951,6.531382,4
-7.4603324,-1.1013328,6.301539,4
-7.575254,-1.1204864,6.6750345,4
-7.5082164,-1.043872,6.981492,4
-7.6231384,-1.1204864,6.9240313,4
-7.776367,-0.92895025,6.7324953,4
-7.393295,-0.9768343,6.157887,4
-7.1634517,-0.94810385,5.841852,4
-7.2592196,-0.8810662,5.9280434,4
-7.4028716,-1.0821792,6.6271505,4
-7.4603324,-1.0534488,6.6175733,4
-7.326257,-1.0534488,6.540959,4
-7.5561004,-1.0151415,6.751649,4
-7.5082164,-1.0055647,6.5696893,4
-7.680599,-1.0726024,6.655881,4
-7.201759,-0.91937345,6.0046577,4
-7.0485296,-0.7757214,6.4260373,4
-7.249643,-1.1204864,6.5122285,4
-7.603985,-1.1300632,6.646304,4
-7.699753,-1.1013328,6.5696893,4
-7.297527,-0.92895025,6.4547677,4
-7.249643,-0.9959879,6.167464,4
-7.431602,-1.0247183,6.0238113,4
-7.5082164,-1.0630256,5.9567738,4
-7.201759,-0.8714894,5.90889,4
-7.0485296,-1.2737153,5.6120086,4
-7.4986396,-1.1683705,6.1866174,4
-7.929596,-0.9959879,5.9567738,4
-8.082825,-1.2545617,6.1100025,4
-7.929596,-1.1875241,6.2632318,4
-7.7667904,-1.1779473,5.746084,4
-7.699753,-1.1971009,6.2632318,4
-8.111555,-1.0821792,6.339846,4
-7.8529816,-1.1587936,6.253655,4
-7.680599,-1.1779473,5.9663506,4
-7.747637,-0.9959879,6.196194,4
-7.690176,-0.94810385,5.9759274,4
-7.7572136,-0.9672575,6.244078,4
-7.795521,-0.6991069,6.445191,4
-7.52737,-1.3503298,5.765238,4
-7.8529816,-1.2162545,6.2632318,4
-7.728483,-1.043872,6.1866174,4
-7.489063,-1.1587936,5.8801594,4
-7.6231384,-0.8714894,6.1387334,4
-7.5848308,-1.043872,6.301539,4
-7.651869,-1.1492168,5.90889,4
-7.8912888,-1.1204864,6.2632318,4
-7.9391727,-1.1875241,6.6079965,4
-7.824251,-1.2066777,6.3685765,4
-7.5082164,-1.1587936,5.8226986,4
-7.297527,-1.1587936,6.2823853,4
-7.335834,-0.81402856,6.090849,4
-6.9144545,-0.9768343,6.215348,4
-7.4028716,-1.0534488,6.445191,4
-7.843405,-1.1683705,6.2632318,4
-7.7093296,-1.0821792,6.493075,4
-7.536947,-1.0726024,6.2632318,4
-7.0581064,-1.091756,6.1866174,4
-7.153875,-1.0055647,6.0525417,4
-7.2209125,-0.90021986,5.995081,4
-7.144298,-1.0247183,5.851429,4
-7.4124484,-1.1109096,6.435614,4
-7.6710224,-1.0630256,6.5218053,4
-7.536947,-1.0821792,6.4739213,4
-7.843405,-1.292869,5.947197,4
-7.326257,-1.1875241,6.38773,4
-7.374141,-1.1587936,6.157887,4
-6.991069,-0.78529817,6.4164605,4
-7.929596,-1.2545617,5.9567738,4
-8.935161,-1.5897499,7.9104424,4
-7.699753,-1.1587936,7.536947,4
-7.1155677,-1.1300632,6.1866174,4
-7.5561004,-1.2737153,6.205771,4
-7.7572136,-1.3215994,6.2728086,4
-7.441179,-1.1300632,6.8665705,4
-7.2209125,-1.0247183,6.5505357,4
-7.1347213,-0.9768343,5.650316,4
-7.192182,-1.1875241,5.8226986,4
-6.981492,-1.1683705,6.1866174,4
-7.3645644,-0.89064306,6.9623384,4
-7.393295,-1.2162545,6.8091097,4
-7.7093296,-1.2354081,6.6271505,4
-7.565677,-1.1492168,6.291962,4
-7.3645644,-1.283292,6.4547677,4
-7.431602,-0.9959879,6.6175733,4
-7.0485296,-0.9959879,6.205771,4
-7.029376,-0.82360536,6.435614,4
-6.9719152,-1.2354081,6.397307,4
-7.28795,-1.2737153,6.703765,4
-7.9391727,-1.1013328,6.799533,4
-7.6614456,-1.1300632,6.9527617,4
-7.1826053,-0.9672575,6.7708025,4
-7.0964136,-0.842759,6.349423,4
-7.3071036,-1.0151415,6.3781533,4
-7.3071036,-1.043872,6.531382,4
-6.9623384,-1.1204864,6.3111157,4